Date,Close,High,Low,Open,Volume,Ticker,SMA20,SMA50,EMA12,EMA26,RSI,Volatility
2024-12-27,413.5772705078125,455.22392096429263,391.5085307275768,391.5583351474052,43448517,DAMCAPITAL.NS,,,413.5772705078125,413.5772705078125,,
2024-12-30,370.18701171875,425.4336137725412,367.24785159999857,416.4666289389279,9966508,DAMCAPITAL.NS,,,406.90184607872595,410.36317726417826,,
2024-12-31,380.10052490234375,405.4571775856036,362.2163596024852,367.5965748430373,13176482,DAMCAPITAL.NS,,,402.7785658977441,408.1214993114498,,
2025-01-01,381.5451965332031,391.209594762991,378.4067276839109,381.4953617100682,3279660,DAMCAPITAL.NS,,,399.5118936878147,406.15288429083887,,
2025-01-02,395.1451416015625,407.9480094866157,379.0543914077134,383.5876882888757,9136466,DAMCAPITAL.NS,,,398.8400856745451,405.33749594348507,,
2025-01-03,402.5677795410156,413.2783444731036,391.8074101900995,399.4293410141341,8524354,DAMCAPITAL.NS,,,399.4135770386175,405.1323317655243,,
2025-01-06,386.57666015625,423.4409292948615,381.59500216454575,405.1582383841814,11864977,DAMCAPITAL.NS,,,397.4386667490225,403.75783757224474,,
2025-01-07,400.52532958984375,405.2579050016641,386.1781596856618,393.6008123513497,5676039,DAMCAPITAL.NS,,,397.91353795530273,403.5183925365113,,
2025-01-08,387.0250244140625,402.3186902377527,382.79061508964446,400.525305509662,2754691,DAMCAPITAL.NS,,,396.23838202588115,402.2966615644781,,
2025-01-09,380.3994140625,392.6044768473434,376.3642830183341,387.5232097267282,2231058,DAMCAPITAL.NS,,,393.80161772382246,400.67464323099824,,
2025-01-10,355.8896789550781,379.50272091044087,350.26038078572753,379.4529164899947,2733205,DAMCAPITAL.NS,,,387.96901175940025,397.357238469819,,
2025-01-13,325.6011657714844,360.07424638292605,322.8612537784679,339.8985307979868,3647752,DAMCAPITAL.NS,,,378.37395853049014,392.0419738254979,,
2025-01-14,343.3358764648437,351.65525143077497,325.8502385893307,329.7359561654186,2661533,DAMCAPITAL.NS,,,372.98348436654453,388.4341147617457,,
2025-01-15,338.553466796875,350.7087245250511,335.11614100726456,348.7160613175224,1458311,DAMCAPITAL.NS,,,367.68655858659537,384.73925194953307,31.535065634272343,
2025-01-16,340.5959777832031,359.5760833946084,338.7527581650031,343.7842207931436,1959956,DAMCAPITAL.NS,,,363.518776924535,381.4693797890642,32.216566869681316,
2025-01-17,337.2084655761719,345.1791189291379,332.6751382382947,341.99084542569966,982567,DAMCAPITAL.NS,,,359.47103671709453,378.19079355107215,40.01810823448039,
2025-01-20,329.28759765625,341.39302065688975,324.206300355618,339.6494403364709,818348,DAMCAPITAL.NS,,,354.82743070773387,374.5683345959002,34.43223943248999,
2025-01-21,308.0657653808594,334.7674420486809,305.92362795991323,330.7821153576252,1648870,DAMCAPITAL.NS,,,347.6333283497532,369.642218357749,29.92106101468201,
2025-01-22,299.646728515625,311.50306846720423,291.626271302811,310.95509824979234,2109771,DAMCAPITAL.NS,,,340.2507745291181,364.45736725833245,23.143744200568392,
2025-01-23,283.7054443359375,297.45480928285485,282.6094734127764,296.90683902408915,3880712,DAMCAPITAL.NS,357.9769760131836,,331.55149296093646,358.47574333815504,18.101629430016416,
2025-01-24,278.9230651855469,289.9325180560058,274.9875428984797,285.8475520984894,4531444,DAMCAPITAL.NS,351.2442657470703,,323.45481176472265,352.5829523638878,19.26034006099492,0.04229373879570562
2025-01-27,287.09295654296875,313.3463013891297,281.46368884715145,300.89215586491946,15952993,DAMCAPITAL.NS,347.0895629882813,,317.86068019214514,347.7318415623382,16.504856993627442,0.03834563821503336
2025-01-28,294.2665405273437,308.06573909900624,273.4930208413304,293.9178183905008,8421876,DAMCAPITAL.NS,342.79786376953126,,314.2308125514065,343.77144889307937,21.546456026570866,0.03825239244189791
2025-01-29,301.689208984375,306.6708671935333,290.97864383468465,296.0101368693118,3057653,DAMCAPITAL.NS,338.80506439208983,,312.3013350795555,340.654245936879,25.973236440383957,0.03901087368869477
2025-01-30,299.1983642578125,321.31693771385426,297.90314535330987,304.32949626983776,5487872,DAMCAPITAL.NS,334.00772552490236,,310.2854934146719,337.5834398865778,30.007019268872426,0.03745592475695952
2025-01-31,306.6210632324219,310.2576676494224,293.02114238219895,302.0379315920138,3312723,DAMCAPITAL.NS,329.2103897094727,,309.72173492509495,335.2899305047885,42.01928081393737,0.03774917660308623
2025-02-01,305.2261962890625,311.20418597813585,296.0101288517411,305.8738057575865,1866975,DAMCAPITAL.NS,325.14286651611326,,309.03011359647456,333.0629872295496,31.423031562361302,0.03724645007613305
2025-02-03,291.67608642578125,301.4899591210622,289.08561809117293,296.01013512331053,1369396,DAMCAPITAL.NS,319.70040435791014,,306.36026326252176,329.9972908737149,28.94856144844084,0.036216711830246856
2025-02-04,301.689208984375,303.7815115133472,293.66875142988164,296.3588590250786,1375454,DAMCAPITAL.NS,315.4336135864258,,305.6416395274223,327.90039591894896,33.69518870730896,0.037547619089083606
2025-02-05,303.1837158203125,310.1580375287514,300.2445556294196,302.53610631422623,1279102,DAMCAPITAL.NS,311.5728286743164,,305.2634974186361,326.06953072645734,35.51123405248492,0.03770388668496696
2025-02-06,300.5434265136719,305.52508460408785,297.05626585038067,303.9807827583101,922438,DAMCAPITAL.NS,308.8055160522461,,304.5373326640263,324.17870819217694,37.183471315487324,0.03551106252381878
2025-02-07,293.8182067871094,302.23722165786114,291.1779339123153,301.73905581712154,1026216,DAMCAPITAL.NS,307.2163681030273,,302.8882363752698,321.92978216217193,42.70407353185701,0.030779229047997687
2025-02-10,279.6204528808594,293.6687342919829,277.57798529655014,293.6687342919829,1164513,DAMCAPITAL.NS,304.0305969238281,,299.30857737612973,318.79575777096363,40.31791400068638,0.028909937968812523
2025-02-11,266.9670715332031,281.1647972135019,265.02421269891096,281.1647972135019,1083367,DAMCAPITAL.NS,300.4512771606445,,294.33296109260255,314.9565958274258,41.64178936168721,0.02997375010180527
2025-02-12,265.3729248046875,269.6571384750303,254.6623602232034,267.0168658453713,1480425,DAMCAPITAL.NS,296.69012451171875,,289.87757089446177,311.283731307223,43.01129089277288,0.029725978892336326
2025-02-13,263.1809997558594,270.95240488369063,258.9465902354839,268.0132143484725,935339,DAMCAPITAL.NS,292.98875122070314,,285.7704061039076,307.720566007122,36.856524124002554,0.029734426654981706
2025-02-14,255.06089782714844,264.5260483324528,250.87630801273465,264.0776869357396,1005475,DAMCAPITAL.NS,289.27741622924805,,281.04586636902155,303.81984984564247,28.67210058701552,0.029930563135991326
2025-02-17,249.58106994628903,256.70483492351065,244.3005093380004,251.1253869925076,1073273,DAMCAPITAL.NS,286.35318145751955,,276.20512845783196,299.8021624456903,21.04099338641275,0.027424630899227097
2025-02-18,243.40382385253903,252.7195156092457,237.72473651803745,251.0257548537368,1157668,DAMCAPITAL.NS,283.54103622436526,,271.15877390317155,295.6245077350865,20.212790049573243,0.027345382715287907
2025-02-19,250.1788787841797,253.5664002506064,238.02362071600533,243.00527887417053,1017504,DAMCAPITAL.NS,281.86470794677734,,267.93109773101895,292.25816484983415,19.657203868592816,0.02659796356190795
2025-02-20,254.36346435546875,257.7510009682291,246.8411576214961,248.08657214027247,981691,DAMCAPITAL.NS,280.63672790527346,,265.84376951939583,289.45114999839967,23.452932940649916,0.026929855207670043
2025-02-21,243.20455932617188,257.75100734657525,241.2118960468188,253.068236477844,1043227,DAMCAPITAL.NS,278.4423080444336,,262.3608141050537,286.0254766152717,24.05333041463966,0.027102228184758326
2025-02-24,236.4793243408203,239.71740221882328,232.14527556144435,238.97015347774567,904351,DAMCAPITAL.NS,275.5529472351074,,258.3790464490178,282.35539126160864,13.819794665919432,0.026283059266787236
2025-02-25,225.968017578125,240.4646458899468,223.1782859630244,236.82802630502147,1074034,DAMCAPITAL.NS,271.7668876647949,,253.39273431503426,278.17854876653576,11.055270890315583,0.02590778292551404
2025-02-27,222.8793792724609,227.06396901560265,218.644969907998,225.86837411796407,1052835,DAMCAPITAL.NS,267.95093841552733,,248.69837200079223,274.0823139891969,11.005497301454298,0.025872600838495543
2025-02-28,215.40689086914065,223.92552916838963,212.2684523812765,219.34239768493,919960,DAMCAPITAL.NS,263.3902297973633,,243.57660567284583,269.73598635067424,10.923527656523731,0.02448309213244828
2025-03-03,207.04766845703125,219.9700905935036,200.7608184602787,219.1929531576244,1373743,DAMCAPITAL.NS,258.4813034057617,,237.95676917810513,265.09240724744143,11.598477028830402,0.024747464218397984
2025-03-04,201.54791259765625,211.12265987810585,199.2663199237672,199.8740828076472,1615056,DAMCAPITAL.NS,253.97489471435546,,232.35540662726686,260.38540764375364,12.54847294076049,0.02409421312765007
2025-03-05,206.08123779296875,210.12634191753384,201.46823252522228,203.25165951506204,1535021,DAMCAPITAL.NS,249.19449615478516,,228.3132268066056,256.3628765436955,17.16146922284608,0.022853711575190797
2025-03-06,213.1053771972656,215.20763759858664,205.49340395698377,210.02671603029464,1584820,DAMCAPITAL.NS,244.69057922363282,300.4583502197266,225.97355763593788,253.15861733284885,23.674844596235786,0.025239335550576666
2025-03-07,222.6801147460937,226.05767829453268,211.6208277983837,213.105367369704,2268035,DAMCAPITAL.NS,240.79741363525392,296.64040710449217,225.4668741144234,250.9009504745707,33.233593254840144,0.02878618650644298
2025-03-10,216.0943603515625,223.77608368517832,212.21863103144813,222.18194704231425,1163238,DAMCAPITAL.NS,236.91122131347657,293.5585540771484,224.0249489201371,248.32268453953307,32.85728770223437,0.028934638234707637
2025-03-11,208.19346618652344,211.75036223590928,206.738815302865,210.77396148548377,857211,DAMCAPITAL.NS,233.33987197875976,290.120412902832,221.58933619188883,245.35014984671756,32.28749097313309,0.028331812906279195
2025-03-12,207.1273803710937,212.4178988535484,202.9527484408184,209.2694872781123,723990,DAMCAPITAL.NS,230.3478874206543,286.63205657958986,219.3644199117665,242.51883358926395,27.023288426473684,0.027427944474182682
2025-03-13,204.1184539794922,218.68483259145768,202.45458199961192,211.22230328994607,2186092,DAMCAPITAL.NS,227.28516387939453,282.81152282714845,217.0188866914166,239.67436102557716,22.843298947646545,0.027391521413204785
2025-03-17,207.9244537353516,213.4640552573032,201.33870094403812,205.24431917388307,1772945,DAMCAPITAL.NS,224.52233657836913,278.91865631103514,215.6197431597143,237.32251604111602,29.285138717144818,0.028266779400723217
2025-03-18,207.9244537353516,207.9244537353516,207.9244537353516,207.9244537353516,0,DAMCAPITAL.NS,222.1655143737793,275.3456121826172,214.4358524790431,235.1448817962446,31.796247212101306,0.027985993150581825
2025-03-19,223.81593322753903,227.6617738668376,217.8877631630354,217.8977210061653,1620080,DAMCAPITAL.NS,220.87725753784179,271.8114242553711,215.87894182496555,234.30570042078494,48.7161155045445,0.033794379244897685
2025-03-20,220.8070068359375,230.05296297276612,219.19295449049883,226.17723361284217,1229999,DAMCAPITAL.NS,219.7474166870117,268.4870639038086,216.6371056728074,233.3057971922777,48.76249284047234,0.03353837098076906
2025-03-21,230.54116821289065,232.0456234552056,221.4944754645947,221.78342014204128,1358370,DAMCAPITAL.NS,218.76553115844726,265.4898989868164,218.77619221743558,233.10100986047127,58.799672940047536,0.03454048444655109
2025-03-24,249.45155334472656,255.45943205023343,220.76717148559592,228.95701896328669,6811187,DAMCAPITAL.NS,218.51993560791016,263.3611364746094,223.49547854471112,234.31216122967535,71.96078167957273,0.039311635643565435
2025-03-25,232.982177734375,252.75936607881533,231.14893123874305,249.58106584183244,3237906,DAMCAPITAL.NS,218.00881652832032,261.5087567138672,224.95497072773634,234.21364393372718,64.61865868110505,0.04088578084745109
2025-03-26,227.5820770263672,235.4032866753857,223.1782928927323,234.0183862695657,1682816,DAMCAPITAL.NS,217.56395416259767,259.19368072509764,225.3591409275257,233.72241675540423,59.91910295226357,0.04074635100936669
2025-03-27,234.8353576660156,237.12692341181867,223.57680742144632,227.1636073020784,2498761,DAMCAPITAL.NS,218.0073211669922,257.11931854248047,226.81702042575492,233.8048568228569,60.00366401643638,0.04004436434835491
2025-03-28,234.21763610839844,245.8946437641726,231.47772418785576,237.1069916889361,1712233,DAMCAPITAL.NS,218.57423400878906,254.99175170898437,227.95557668462317,233.83543306623034,55.788842672448475,0.03988294812619848
2025-04-01,235.4032745361328,240.8631675203438,228.85736853926332,229.14631322070227,1031759,DAMCAPITAL.NS,219.57405319213868,252.9556478881836,229.1013763540862,233.9515694714083,60.24313242608059,0.03893323110011643
2025-04-02,237.4955596923828,239.1494738044767,230.6607242776127,236.7283953029676,786528,DAMCAPITAL.NS,221.09644775390626,251.11980712890625,230.3927891753626,234.21408726555458,66.56526847345458,0.037534014150808453
2025-04-03,238.9203338623047,241.4510095762657,232.5438021498772,234.1379388786877,705441,DAMCAPITAL.NS,222.96506881713867,249.73689849853517,231.70471912719984,234.5626981245731,67.90082197025092,0.03667302745134281
2025-04-04,218.5054931640625,239.1096397268417,216.62242694130825,237.2265735040874,1763592,DAMCAPITAL.NS,223.58628158569337,248.1140737915039,229.67406897902487,233.37327553490564,56.772986925816234,0.042143914956262796
2025-04-07,204.1583251953125,207.4960271525424,194.83266019953447,203.2516597311695,1754581,DAMCAPITAL.NS,223.1389289855957,246.5231314086914,225.74856993537682,231.20920513938023,48.387098882195346,0.04421919059172169
2025-04-08,202.7833709716797,214.15151826828887,200.07334778153867,212.9160616012849,1482242,DAMCAPITAL.NS,222.144091796875,245.00033752441405,222.21546240250032,229.10358779362463,47.82388199827266,0.04287033253889867
2025-04-09,200.2527008056641,202.6538484920431,197.4330804540792,202.25532191914093,861971,DAMCAPITAL.NS,221.35200881958008,243.26353240966796,218.83657600298704,226.9664850537757,38.75416701136877,0.04249807362260739
2025-04-11,206.3203582763672,208.23331320491675,202.7335582835778,206.41998231889144,864354,DAMCAPITAL.NS,221.25835342407225,241.50460876464842,216.9110040450455,225.43714232952323,43.28220937468026,0.04234355134914546
2025-04-15,218.0770721435547,219.69112452002577,208.7314765847864,210.71418200244736,862382,DAMCAPITAL.NS,221.80583801269532,239.83236602783202,217.09039913712382,224.8919519453774,44.32653654290641,0.04415550023416588
2025-04-16,220.79705810546875,222.18195849424856,216.30360782597492,218.7944369570764,958069,DAMCAPITAL.NS,222.63976821899413,238.26433990478515,217.66065436302304,224.58862647575452,34.70212788489657,0.04398749542796425
2025-04-17,219.69113159179688,221.98269745621985,216.66229002689,220.1892974230708,513223,DAMCAPITAL.NS,223.2281021118164,236.52574127197266,217.97303547514207,224.22584907694284,41.5118440608966,0.04391521435121306
2025-04-21,228.97694396972656,232.09545165367572,218.40586469964416,220.7372770800931,1021156,DAMCAPITAL.NS,224.28072662353514,235.00075622558595,219.6659444743089,224.57778203196386,50.84869224856005,0.04473835227956503
2025-04-22,224.65284729003903,232.02571032979785,223.7063353005793,230.6507678423383,918444,DAMCAPITAL.NS,224.32257232666015,233.66029144287108,220.43316029211354,224.5833424214509,43.57556098230653,0.041797373746197235
2025-04-23,226.95437622070312,228.9570125348538,221.42474781422817,227.1636125530824,695038,DAMCAPITAL.NS,224.62994079589845,232.16559478759766,221.43642428112733,224.75897455472884,45.512742076066516,0.0417013659448005
2025-04-24,225.8185577392578,231.38806310215875,225.17094826122508,226.95437518874613,577785,DAMCAPITAL.NS,224.3938102722168,230.61829162597655,222.11059865930127,224.83746219802725,44.07489353288945,0.040535194730019555
2025-04-25,221.0859832763672,227.2333628303089,215.76557600494792,226.15732284235656,929284,DAMCAPITAL.NS,222.97553176879882,229.02914276123047,221.95296552346525,224.55957487049687,40.17655595853068,0.03579824166814815
2025-04-28,217.1504821777344,221.932877184564,216.21392798522345,220.98636514847,434449,DAMCAPITAL.NS,222.1839469909668,227.49578826904298,221.21412193181436,224.0107531895515,37.34800094000382,0.033015803687802533
2025-04-29,217.5789031982422,222.18195039992307,216.0445439958059,219.18299770834523,456110,DAMCAPITAL.NS,221.68378829956055,226.25495727539064,220.65485751126477,223.53431985686194,49.298535617294434,0.03268349351437593
2025-04-30,212.089111328125,217.20029750589364,209.2296443864113,217.00103421846944,560123,DAMCAPITAL.NS,220.546475982666,225.15739807128907,219.33705040616636,222.68652663251106,56.933783853010496,0.0320825870092244
2025-05-02,208.7015838623047,215.40689135043547,208.24326463180915,212.2186332344248,315667,DAMCAPITAL.NS,219.27067337036132,224.0239712524414,217.70082478403378,221.65060494582912,54.99831952872576,0.03217842650130577
2025-05-05,212.61715698242188,213.314601263438,205.6528088405535,208.4325673103937,789000,DAMCAPITAL.NS,218.1313674926758,223.01269439697265,216.91872204532427,220.98146065224338,60.203897371320615,0.03255310734018842
2025-05-06,202.8929748535156,214.1913720187022,200.6611865036902,212.4976112688272,797211,DAMCAPITAL.NS,216.40123825073243,221.9693359375,214.76091478504603,219.64157281530058,47.332503772333226,0.03363839355708135
2025-05-07,204.9752960205078,206.37016938362032,198.70837693934683,200.3622910457109,608371,DAMCAPITAL.NS,214.70398635864257,221.07722045898439,213.25543497511705,218.5551819416122,37.995234097954345,0.03374044896356553
2025-05-08,201.7471923828125,210.0466364855769,200.2626528167796,205.2941304679132,582288,DAMCAPITAL.NS,213.86607131958007,220.24408782958983,211.48493611476252,217.3101456779974,32.70620783047583,0.02839689434226785
2025-05-09,202.12579345703125,204.0985410357653,196.67585821004275,197.27366327077684,609645,DAMCAPITAL.NS,213.76444473266602,219.28302612304688,210.0450680135731,216.18537884681473,33.840491741421374,0.024356350693043934
2025-05-12,218.4158172607422,221.18561792666176,209.22963857927465,210.2160123484471,1129838,DAMCAPITAL.NS,214.54606704711915,218.56407318115234,211.33287559006067,216.35059650710565,41.39329503345023,0.030243410571859048
2025-05-13,217.3397827148437,222.96905038348743,216.2039652566312,221.40481761866096,978120,DAMCAPITAL.NS,215.40042114257812,218.04677764892577,212.2570151477196,216.4238695595307,43.70713504471465,0.030071550904071334
2025-05-14,219.8505401611328,220.98635760624333,216.7021285754532,219.89038673692,953368,DAMCAPITAL.NS,216.0769302368164,217.71420196533202,213.4252497651678,216.6776970115012,43.909107536422496,0.029512760044654817
2025-05-15,203.33135986328125,212.8662456094873,202.35495912752623,209.229641259203,2959372,DAMCAPITAL.NS,215.33964462280272,217.26146881103514,211.872343626416,215.6890794449664,34.74380790867578,0.031641502628746945
2025-05-16,221.73361206054688,223.5270120736372,200.31248155535857,204.2380306943411,4578340,DAMCAPITAL.NS,215.38647232055663,217.23855346679687,213.38946184705154,216.13682260167607,50.37063156778821,0.0378534343628626
2025-05-19,228.57839965820312,229.88359165493137,222.69007610384463,224.0749764549368,1305835,DAMCAPITAL.NS,215.83083572387696,217.50198364257812,215.7262215103056,217.05842090215955,56.329323595479,0.03840572440316327
2025-05-20,225.31044006347656,235.9811587877053,223.9554284033017,230.401695433382,1312583,DAMCAPITAL.NS,215.64751052856445,217.86723907470704,217.2007166723319,217.66968158077563,54.1515130957332,0.03740638963985215
2025-05-21,238.52178955078125,243.9019895513851,224.27425920035,225.9182003322261,2370366,DAMCAPITAL.NS,216.34095764160156,218.60671661376952,220.4808817305549,219.2142821711464,63.1064216390797,0.039330143987884224
2025-05-22,234.6062164306641,242.9056609557122,232.3445393130581,239.1195976195071,792688,DAMCAPITAL.NS,216.72354965209962,219.17721618652342,222.6540101459563,220.3544254496292,62.77768377978699,0.03954867380255014
2025-05-23,262.1448059082031,268.4117405019863,233.3807312325833,235.3036440202561,6094244,DAMCAPITAL.NS,218.53986206054688,220.1580047607422,228.72951718630196,223.45000918730133,69.81268966709418,0.047093097333472195
2025-05-26,270.4940795898437,274.37979748813177,259.56431978274406,262.2843162304197,3385557,DAMCAPITAL.NS,221.0102668762207,221.1142840576172,235.15483447915454,226.9347551430452,77.34344950513625,0.046833686768834426
2025-05-27,277.1595153808594,281.9518679131162,270.0058618369217,272.99485661740425,2872664,DAMCAPITAL.NS,224.01071853637694,222.3355871582031,241.61709307941683,230.65510775325367,78.15342806393892,0.04641252187051504
2025-05-28,271.002197265625,278.97285012637866,269.5076998542337,277.9765185187845,874105,DAMCAPITAL.NS,226.6818832397461,223.59176177978514,246.1378783388335,233.64378105046634,76.40757926760867,0.04703345689670734
2025-05-29,268.8003234863281,273.1542879176613,266.71799399332656,271.7494566470889,838681,DAMCAPITAL.NS,229.51744384765624,224.82522064208985,249.62440836152496,236.2479693790487,75.07496237248132,0.046471753121292696
2025-05-30,267.754150390625,273.5428346825168,265.81132197092666,268.88998303450893,790455,DAMCAPITAL.NS,232.47007217407227,226.0979345703125,252.41359944292498,238.58176056509137,70.95819208072784,0.04615391611000756
2025-06-02,269.15899658203125,275.5853480638366,261.53706533066355,266.5187237179143,998571,DAMCAPITAL.NS,235.29716415405272,227.3226254272461,254.98981438740287,240.84674101079062,71.950714401506,0.04617209388261499
2025-06-03,273.1443176269531,277.97653224349455,267.56485426782166,270.7033233112032,1243301,DAMCAPITAL.NS,238.80973129272462,228.62702270507813,257.78281488579523,243.23915409346932,72.29679823160866,0.04406582770603513
2025-06-04,279.52081298828125,280.7662274649812,271.6996343991072,273.4930190833043,1009928,DAMCAPITAL.NS,242.5370071411133,229.74112030029298,261.1271222861777,245.9266843819739,84.83193284345488,0.044075260560017586
2025-06-05,293.369873046875,296.2093939881929,281.0153359868667,281.96186323772577,2472446,DAMCAPITAL.NS,247.1181411743164,231.19237762451172,266.08754548013115,249.44099465344806,84.1730219443787,0.043976822870620685
2025-06-06,288.1391296386719,302.38666028386416,284.9508561488802,295.7112259670757,1583892,DAMCAPITAL.NS,251.41880798339844,232.34433685302736,269.4800968891374,252.30752317087203,78.8569394066461,0.04461548101096139
2025-06-09,297.504638671875,300.59327288773403,283.8548828174155,288.9859847665722,1239928,DAMCAPITAL.NS,255.37324905395508,233.3053985595703,273.79156485571247,255.6554576524278,83.02644520220443,0.04234857485327002
2025-06-10,289.03582763671875,300.7925293467728,287.04316426853126,299.59694956923835,721725,DAMCAPITAL.NS,258.95805130004885,234.4264715576172,276.13683605279033,258.12807765126416,74.15667681146181,0.04328922195729854
2025-06-11,284.9010314941406,295.0137910930945,281.41387091480294,289.0856059459695,816950,DAMCAPITAL.NS,262.21057586669923,235.57285064697265,277.4851738129981,260.1112594174032,74.00151605952681,0.04378795441073444
2025-06-12,271.6000061035156,286.3457019395453,267.11651380674107,285.9471753720687,1068319,DAMCAPITAL.NS,265.62400817871094,236.30814361572266,276.57976339615465,260.9622776904485,55.22175099251493,0.041122998123403066
2025-06-13,274.6499938964844,279.0,264.0,264.0,613675,DAMCAPITAL.NS,268.2698272705078,237.11679077148438,276.28287578082075,261.9761825945993,52.43784681956238,0.03712451083211332
2025-06-16,263.20001220703125,276.0,260.5,272.20001220703125,1176255,DAMCAPITAL.NS,270.0009078979492,237.67272552490235,274.2701275386993,262.06683663996466,42.246610747230605,0.038635444342701636
2025-06-17,250.1000061035156,267.3500061035156,247.5,265.0,1557306,DAMCAPITAL.NS,271.24038619995116,237.924814453125,270.5516473179018,261.18040474837585,39.22174449861628,0.04047220463976299
2025-06-18,255.3999938964844,262.0,246.4499969482422,251.6999969482422,1062399,DAMCAPITAL.NS,272.0842964172363,238.25440765380858,268.22062371460686,260.75222616675427,43.30403652981408,0.038737512167849236
2025-06-19,243.6000061035156,256.95001220703125,242.1000061035156,256.5,577378,DAMCAPITAL.NS,272.5339859008789,238.75629791259766,264.4328363898236,259.4816913472551,39.1017441163989,0.04011650844797922
2025-06-20,249.8000030517578,250.6999969482422,242.5500030517578,243.0,402784,DAMCAPITAL.NS,271.91674575805666,239.66913146972655,262.1816312608904,258.76452925129234,41.62758097854629,0.030355059686519335
2025-06-23,257.3999938964844,259.29998779296875,244.6499938964844,248.0,734107,DAMCAPITAL.NS,271.26204147338865,240.76146392822267,261.4459947432895,258.6634525583436,43.39729856327798,0.030273032957345868
2025-06-24,261.6499938964844,268.3999938964844,260.1000061035156,261.1499938964844,749951,DAMCAPITAL.NS,270.48656539916993,241.98940979003908,261.4773792283964,258.88467784265026,42.36941213078842,0.029948733692585924
2025-06-25,249.9499969482422,267.79998779296875,248.1999969482422,264.0,958764,DAMCAPITAL.NS,269.43395538330077,242.86200256347655,259.70393580068037,258.22284962824966,31.1137163919109,0.031129779260814852
2025-06-26,252.6000061035156,255.8000030517578,250.0,251.8000030517578,518203,DAMCAPITAL.NS,268.62393951416016,243.55246124267578,258.6110235395781,257.8063427004916,34.18657287345984,0.031266950480877194
2025-06-27,257.5,258.70001220703125,253.5,255.0,596252,DAMCAPITAL.NS,268.1112319946289,244.28652008056642,258.4400968411815,257.7836506486033,31.462954672145102,0.03164905214086747
2025-06-30,256.3999938964844,259.95001220703125,255.0,259.3999938964844,350768,DAMCAPITAL.NS,267.47328186035156,245.02069732666016,258.12623484968964,257.68115755585376,33.76904317566168,0.03161427194136468
2025-07-01,252.8000030517578,258.6000061035156,249.3999938964844,257.3999938964844,533746,DAMCAPITAL.NS,266.4560661315918,245.49715850830077,257.30681457308475,257.31959055555035,33.94964007151424,0.03146742115716123
2025-07-02,252.4499969482422,255.5500030517578,250.1999969482422,252.0,385429,DAMCAPITAL.NS,265.10252532958987,246.05310150146485,256.5596118615705,256.95887991797196,39.00056179726045,0.03084129630271144
2025-07-03,259.75,261.95001220703125,251.3999938964844,252.4499969482422,582394,DAMCAPITAL.NS,263.4215316772461,246.70901397705077,257.0504408059443,257.1656295536777,41.840087147280315,0.029237510017012882
2025-07-04,259.8999938964844,263.3500061035156,255.0,261.75,582592,DAMCAPITAL.NS,262.0095748901367,247.39064270019531,257.4888335891043,257.3681750605523,47.937487769122235,0.02912364612037173
2025-07-07,253.6000061035156,260.0,252.0,259.8999938964844,326721,DAMCAPITAL.NS,259.81434326171876,248.04092315673827,256.89055243747526,257.08905143410516,52.39071197724021,0.028048963262047585
2025-07-08,254.6999969482422,257.3500061035156,251.3000030517578,253.6999969482422,451196,DAMCAPITAL.NS,258.0975517272949,248.79191345214844,256.55354390067015,256.91208443515234,49.4927554980881,0.02772013709808026
2025-07-09,252.0500030517578,255.75,251.3999938964844,255.0,394021,DAMCAPITAL.NS,256.45500030517576,249.48133544921876,255.86069146237594,256.5519302586046,57.05931708396574,0.027671808825970683
2025-07-10,253.8500061035156,256.8999938964844,251.6000061035156,252.3500061035156,284187,DAMCAPITAL.NS,255.56750030517577,250.31655334472657,255.55135525332048,256.351787728598,53.651943646189586,0.026049668969146435
2025-07-11,249.75,254.3999938964844,248.5,253.5,385692,DAMCAPITAL.NS,254.32250061035157,251.13752166748046,254.65883906050195,255.86276641536855,42.63715438610301,0.025979277389414492
2025-07-14,248.75,249.6999969482422,245.8000030517578,249.6999969482422,313808,DAMCAPITAL.NS,253.6,251.86017852783203,253.7497868973478,255.33589482904495,36.75564810399292,0.024455536831463436
2025-07-15,252.1999969482422,255.0,249.5,249.8999938964844,342861,DAMCAPITAL.NS,253.70499954223632,252.84631896972655,253.5113576744085,255.10360609713365,52.78121263103892,0.022002666244398873
2025-07-16,253.0500030517578,255.0,251.1999969482422,252.1999969482422,258721,DAMCAPITAL.NS,253.5875,253.80781311035156,253.44038004015454,254.95148735303172,50.582143851178394,0.021481705035784986
2025-07-17,250.3500061035156,254.4499969482422,249.3999938964844,254.3999938964844,283065,DAMCAPITAL.NS,253.925,254.77986938476562,252.96493789605626,254.61063689010462,40.192047341201736,0.018779903916336153
2025-07-18,246.8999938964844,251.5,245.5,250.6000061035156,274615,DAMCAPITAL.NS,253.77999954223634,255.6753533935547,252.0318695884298,254.03947814983647,37.757728107170244,0.018190067428381296
2025-07-21,238.5,249.0,235.9499969482422,247.8500061035156,643147,DAMCAPITAL.NS,252.83499984741212,256.07703704833983,249.95004349790213,252.88840569429303,33.60091048793488,0.018145611406028495
2025-07-22,238.1999969482422,241.8999938964844,236.3000030517578,239.0500030517578,451521,DAMCAPITAL.NS,251.6625,256.49424133300784,248.14234402872367,251.80037541680778,33.63949024768648,0.017531218853040036
2025-07-23,250.25,252.9499969482422,238.4499969482422,240.0500030517578,1089430,DAMCAPITAL.NS,251.6775001525879,257.1022305297852,248.4665987935354,251.68553279334054,40.165628984503634,0.018931539966547697
2025-07-24,240.6999969482422,243.6499938964844,228.1499938964844,230.25,3485982,DAMCAPITAL.NS,251.0824996948242,257.8496032714844,247.2717369711826,250.87178939740735,33.36222013541449,0.020592525522909376
2025-07-25,236.5500030517578,239.9499969482422,234.9499969482422,239.9499969482422,722209,DAMCAPITAL.NS,250.0349998474121,258.14593109130857,245.62223944511726,249.81091633476666,34.653463442772704,0.02019500902195322
2025-07-28,218.8500061035156,237.8000030517578,217.0,237.8000030517578,1042550,DAMCAPITAL.NS,248.15750045776366,257.95136322021483,241.5034343156401,247.51751557689622,25.155934653054487,0.02566010303656853
2025-07-29,226.1499938964844,227.9499969482422,216.3500061035156,218.6999969482422,871035,DAMCAPITAL.NS,246.825,257.968154296875,239.14136655884693,245.93473619316202,33.13801554290394,0.027174926316002206
2025-07-30,226.3999938964844,228.6000061035156,221.3000030517578,226.1000061035156,379501,DAMCAPITAL.NS,245.52249984741212,257.72571838378906,237.1811553800219,244.48771824525997,31.760789231208534,0.027199016442049858
2025-07-31,221.1000061035156,225.4499969482422,218.5500030517578,221.6000061035156,878316,DAMCAPITAL.NS,243.5900001525879,257.4555941772461,234.70713241440555,242.7552951236493,31.262262420896803,0.026257623448448023
2025-08-01,217.009994506836,222.9600067138672,215.3000030517578,220.0,418601,DAMCAPITAL.NS,241.44550018310548,256.55289794921873,231.984495813241,240.84823581870015,30.047769567326824,0.026287906329550605
2025-08-04,219.8500061035156,221.8500061035156,216.0,217.009994506836,359061,DAMCAPITAL.NS,239.75800018310548,255.54001647949218,230.11765124251403,239.29281139535314,29.507166101171947,0.026447000041505794
2025-08-05,216.0399932861328,221.5,214.3000030517578,220.1499938964844,338077,DAMCAPITAL.NS,237.825,254.31762603759765,227.95185771076308,237.57038042429977,27.402611341252708,0.026411444435284728
2025-08-06,208.69000244140625,217.8999938964844,207.0500030517578,216.0,650354,DAMCAPITAL.NS,235.65699996948243,253.07138214111328,224.98849536163124,235.43109316630765,25.93020594602544,0.027051304622276628
2025-08-07,212.82000732421875,214.3500061035156,208.0,208.69000244140625,450824,DAMCAPITAL.NS,233.6055000305176,251.9517758178711,223.11642027895238,233.7561979187455,30.463204485615037,0.02759204550311121
2025-08-08,209.22000122070312,214.8099975585937,208.75,214.8000030517578,288547,DAMCAPITAL.NS,231.57900009155273,250.78109283447264,220.97850965460634,231.93870186703867,32.23732467298764,0.027603859884062634
2025-08-11,217.1499938964844,218.2100067138672,208.0,209.22000122070312,755572,DAMCAPITAL.NS,229.99899978637694,249.74091278076173,220.3895072302799,230.84324201736797,38.312047563363805,0.02948538090557669
2025-08-12,215.72000122070312,221.4900054931641,215.0399932861328,218.8000030517578,250502,DAMCAPITAL.NS,228.175,248.59242645263672,219.67112169034502,229.72300195835575,28.26387891017312,0.029099236551722033
2025-08-13,222.1999969482422,223.25,216.66000366210932,216.7700042724609,327898,DAMCAPITAL.NS,226.63249969482422,247.44601013183595,220.0601794223292,229.16574232797697,37.886325596563616,0.030207508745789483
2025-08-14,216.13999938964844,222.3600006103516,215.0,222.1499938964844,225232,DAMCAPITAL.NS,224.92199935913087,245.9014126586914,219.4570748019168,228.20087248069336,36.9617947317303,0.030567356398207256
2025-08-18,216.6499938964844,223.0,216.0,223.0,314765,DAMCAPITAL.NS,223.40949935913085,244.47162994384766,219.02521620108104,227.345251844826,48.19907278104237,0.03058843204411152
2025-08-19,219.4900054931641,220.88999938964844,216.009994506836,216.9900054931641,248157,DAMCAPITAL.NS,222.45899963378906,242.91133728027344,219.0967222460169,226.7633817447029,44.118697295270984,0.030133424569126595
2025-08-20,226.3800048828125,228.0,218.77999877929688,220.0,636944,DAMCAPITAL.NS,221.86800003051758,241.65822082519531,220.21722726706236,226.73498345863695,49.98420090848391,0.031140729670923212
2025-08-21,225.22999572753903,228.8999938964844,225.0,227.509994506836,318204,DAMCAPITAL.NS,220.61699981689452,240.4648001098633,220.988422414828,226.62350288596303,53.493476103138114,0.028567261580116226
2025-08-22,224.0800018310547,226.66000366210932,222.259994506836,224.25,148949,DAMCAPITAL.NS,219.78600006103517,239.51440002441407,221.4640500173244,226.43509540041427,56.293400065957464,0.027474487391346142
2025-08-25,219.38999938964844,226.4900054931641,218.4499969482422,225.25,196796,DAMCAPITAL.NS,218.9279998779297,238.40920013427734,221.14496530537428,225.91323643665385,49.603579214069875,0.027585810396868794
2025-08-26,223.22999572753903,223.8699951171875,215.009994506836,218.8999938964844,300533,DAMCAPITAL.NS,219.14699935913086,237.6097998046875,221.46573921647655,225.7144778656083,56.19294052829852,0.02220257742354237
2025-08-28,221.1499938964844,223.1999969482422,218.0399932861328,221.0,169919,DAMCAPITAL.NS,218.89699935913086,237.03079956054688,221.41716301340082,225.3763679419695,61.80370570600091,0.020968388486341267
2025-08-29,219.2899932861328,222.5,218.9499969482422,221.6999969482422,104251,DAMCAPITAL.NS,218.54149932861327,236.30859954833986,221.0899061322827,224.9255253748705,56.40465914229948,0.021028151949417918
2025-09-01,218.2400054931641,221.8600006103516,217.6000061035156,219.0200042724609,195358,DAMCAPITAL.NS,218.39849929809571,235.8013995361328,220.6514598801106,224.4303016799293,59.40367884623648,0.020404622067236613
2025-09-02,221.97999572753903,223.5,217.97000122070312,218.9900054931641,203287,DAMCAPITAL.NS,218.64699935913086,235.24499938964843,220.85585001048418,224.2487975353078,55.51748312450819,0.020301611729107043
2025-09-03,226.4900054931641,231.1000061035156,220.259994506836,221.8999938964844,518531,DAMCAPITAL.NS,218.97899932861327,234.62679962158202,221.7226431616657,224.41481293959345,61.49413700864496,0.020584427236600495
2025-09-04,223.5,232.1999969482422,222.1000061035156,228.6000061035156,299943,DAMCAPITAL.NS,219.35199966430665,233.86379974365235,221.9960826752556,224.34704901814206,51.4990809887667,0.020403559789472465
2025-09-05,224.9600067138672,227.19000244140625,222.0,223.0,156064,DAMCAPITAL.NS,220.16549987792968,233.36399993896484,222.45207098888815,224.39245329189947,61.377715559866736,0.018579851026268537
2025-09-08,222.8000030517578,227.5200042724609,221.5200042724609,225.8999938964844,185714,DAMCAPITAL.NS,220.66449966430665,232.7679998779297,222.5055989985604,224.27449401485194,57.609510363397625,0.018420530547838918
2025-09-09,224.6100006103516,225.75,222.22000122070312,224.0,110851,DAMCAPITAL.NS,221.43399963378906,232.11019989013673,222.82935309268214,224.2993463552593,56.50075480237197,0.017877671331566918
2025-09-10,228.02999877929688,234.25,222.6699981689453,225.8000030517578,767437,DAMCAPITAL.NS,221.97799987792968,231.54279998779296,223.6294524290844,224.5756909792621,52.297401459506645,0.01623869846446038
2025-09-11,223.9600067138672,231.47999572753903,222.8800048828125,228.02999877929688,428765,DAMCAPITAL.NS,222.3900001525879,230.96600006103515,223.6803069344356,224.530084737381,48.364680076172185,0.01675993706479111
2025-09-12,222.02999877929688,226.6000061035156,221.1000061035156,225.0,250219,DAMCAPITAL.NS,222.38150024414062,230.35760009765625,223.4264133721066,224.34489318493033,47.412265816499286,0.01554205249892292
2025-09-15,235.94000244140625,240.5,223.6000061035156,223.6000061035156,1359247,DAMCAPITAL.NS,223.37150039672852,229.88140014648437,225.3515809212296,225.2037901668915,66.94655174191743,0.01967186788153407
2025-09-16,237.0599975585937,239.3500061035156,233.8000030517578,238.0,446557,DAMCAPITAL.NS,224.392000579834,229.42460021972656,227.15287578851638,226.08202775146202,64.99674869658307,0.01966497612267865
2025-09-17,232.9900054931641,240.47999572753903,232.3699951171875,238.0,321729,DAMCAPITAL.NS,225.06700057983397,229.01240020751953,228.05089574307758,226.59372980640293,62.30770670508121,0.02014252585180928
2025-09-18,234.1300048828125,238.3999938964844,232.5,234.13999938964844,301228,DAMCAPITAL.NS,225.454500579834,228.60100036621094,228.9861433030368,227.15197240465548,65.66063196134101,0.019029838495780996
2025-09-19,245.4600067138672,246.9499969482422,233.1499938964844,233.1499938964844,1191957,DAMCAPITAL.NS,226.46600112915038,228.46920043945312,231.52058382777994,228.5081230942267,73.60388440158084,0.021588751706154423
2025-09-22,258.42999267578125,264.04998779296875,245.9900054931641,248.0,2678393,DAMCAPITAL.NS,228.18350067138672,228.56080017089843,235.66049288131862,230.72455787804554,77.24622311319911,0.023983422784178116
2025-09-23,253.4900054931641,264.8999938964844,250.509994506836,260.75,1343560,DAMCAPITAL.NS,229.8885009765625,228.6356002807617,238.40349482160252,232.41088733101728,70.05348284473615,0.023873691915884714
2025-09-24,251.6300048828125,263.0,248.5399932861328,254.6000061035156,1597981,DAMCAPITAL.NS,231.30850143432616,228.69320037841797,240.43834252332712,233.8345256681873,71.2494461511366,0.02397265078349311
2025-09-25,251.8800048828125,258.5,249.8500061035156,251.5500030517578,554190,DAMCAPITAL.NS,232.8450019836426,228.68680053710938,242.19859827094027,235.1712278322336,70.71407554771878,0.023729359069169797
2025-09-26,237.47999572753903,253.4900054931641,235.1000061035156,251.8800048828125,723485,DAMCAPITAL.NS,233.7545021057129,228.375400390625,241.4726594181093,235.34224767633032,59.505308369138746,0.027567470211282717
2025-09-29,238.72000122070312,245.8999938964844,237.3000030517578,241.3999938964844,545295,DAMCAPITAL.NS,234.77850189208985,228.14280029296876,241.04917354158528,235.59245164258016,59.204177783953405,0.027483569836602217
2025-09-30,233.4499969482422,243.8699951171875,231.259994506836,238.0200042724609,398756,DAMCAPITAL.NS,235.352001953125,227.87380035400392,239.88006945030173,235.43375129485142,53.45222880412862,0.027955594251448324
2025-10-01,236.91000366210932,239.0,230.7899932861328,233.5,444129,DAMCAPITAL.NS,235.87300186157228,227.8420004272461,239.4231362521183,235.5431033220557,58.313003626729525,0.02780185990042511
2025-10-03,239.6499938964844,241.3000030517578,236.0,237.0399932861328,275562,DAMCAPITAL.NS,236.68050155639648,227.87100036621095,239.4580374281746,235.84731743868008,61.194408651018065,0.027611210070446295
2025-10-06,242.17999267578125,244.8999938964844,238.3000030517578,241.5,557059,DAMCAPITAL.NS,237.5415008544922,227.70960021972655,239.87679977396024,236.31640449328017,54.63457544875408,0.02764640522718987
2025-10-07,246.1300048828125,264.0,240.7899932861328,243.0,2989199,DAMCAPITAL.NS,238.70800094604493,227.81820037841797,240.83883132916827,237.04333785546774,56.46472424331413,0.02757981681738441
2025-10-08,249.88999938964844,254.759994506836,246.0,247.1499938964844,960518,DAMCAPITAL.NS,239.97200088500978,228.08500030517578,242.2313187230883,237.99494241355518,62.09907988448412,0.027663920681691618
2025-10-09,247.97999572753903,249.6999969482422,244.75,248.5,409558,DAMCAPITAL.NS,240.96950073242186,228.66760009765625,243.11573056992688,238.7345759923688,59.80738615281649,0.027722366538760465
2025-10-10,249.33999633789065,250.5,246.3099975585937,246.5200042724609,356147,DAMCAPITAL.NS,242.23850021362304,229.13140014648437,244.0733099188444,239.52016268462967,53.199199920082606,0.02721585090234654
2025-10-13,255.6300048828125,257.69000244140625,245.0,245.5,783029,DAMCAPITAL.NS,243.91850051879882,229.71600036621095,245.8512629902241,240.71348432893953,47.4054979125216,0.02732866954054764
2025-10-14,244.0500030517578,256.0,243.33999633789065,255.1100006103516,613090,DAMCAPITAL.NS,244.3240005493164,230.1750003051758,245.57414607661389,240.9606338639631,42.21122381457409,0.026494731678720723
2025-10-15,252.3600006103516,254.0,243.8099975585937,244.97999572753903,501433,DAMCAPITAL.NS,245.0890007019043,230.88200042724608,246.6181236971889,241.80503140073262,50.544366414659734,0.02744629033580858
2025-10-16,252.1499938964844,258.8999938964844,251.3000030517578,253.5,606637,DAMCAPITAL.NS,246.0470001220703,231.52800018310546,247.4691806509267,242.57132491893645,50.20145414965493,0.02703915679931362
2025-10-17,248.0599975585937,252.88999938964844,246.47999572753903,252.0,298518,DAMCAPITAL.NS,246.74349975585938,232.16840026855468,247.56007555979852,242.97789326261477,59.32980309174667,0.027424523098183357
2025-10-20,254.9499969482422,255.8000030517578,243.7400054931641,249.0,726126,DAMCAPITAL.NS,247.21799926757814,233.0936001586914,248.696986542636,243.86471575784643,63.01522868230425,0.02598838878042505
2025-10-21,259.1000061035156,260.0,256.989990234375,257.0,401805,DAMCAPITAL.NS,247.25149993896486,234.01920013427736,250.29745109046365,244.99325578345156,70.94561339283993,0.023397116413036864
2025-10-23,253.7400054931641,264.1600036621094,252.0200042724609,260.0,868282,DAMCAPITAL.NS,247.26399993896484,234.90960021972657,250.82707484472525,245.6411631693562,63.32963445386582,0.023468615921928098
2025-10-24,249.1199951171875,254.3300018310547,247.7400054931641,253.7400054931641,344342,DAMCAPITAL.NS,247.13849945068358,235.54900024414061,250.56444719433483,245.8988544247511,57.28349127261644,0.023778976329082192
2025-10-27,249.25,253.3500061035156,247.1499938964844,249.0,302872,DAMCAPITAL.NS,247.00699920654296,236.21960021972657,250.36222454905254,246.1470874303251,55.646064595248774,0.02377793409905262
2025-10-28,251.3099975585937,254.4199981689453,247.6000061035156,248.6499938964844,819457,DAMCAPITAL.NS,247.6984992980957,236.80180023193358,250.50803578128964,246.52952521760426,54.26547263521556,0.019683341181062554
2025-10-29,247.5200042724609,252.1999969482422,244.0,252.1999969482422,594183,DAMCAPITAL.NS,248.13849945068358,237.42940032958984,250.04833862608524,246.60289403648252,48.04938771470925,0.020083254967954704
2025-10-30,245.42999267578125,249.2400054931641,243.27999877929688,248.0,319929,DAMCAPITAL.NS,248.73749923706055,238.00500030517577,249.33782386450002,246.51601245420835,47.90743357747884,0.01944413568563055
2025-10-31,244.1999969482422,246.77999877929688,243.25,245.0,234524,DAMCAPITAL.NS,249.10199890136718,238.49920013427734,248.54738895430648,246.3444557500627,45.77302915154903,0.019297845411818018
2025-11-03,247.6499938964844,248.6000061035156,243.88999938964844,244.8800048828125,246309,DAMCAPITAL.NS,249.5019989013672,238.92459991455078,248.40932817618,246.44116227942726,43.115935161228194,0.019375176429975563
2025-11-04,252.41000366210932,254.3999938964844,246.0,247.6499938964844,558957,DAMCAPITAL.NS,250.01349945068358,239.4682000732422,249.02481671247682,246.88329867814446,58.17363680224418,0.019675268709438348
2025-11-06,254.67999267578125,258.5,249.47999572753903,255.0,863764,DAMCAPITAL.NS,250.44099884033204,240.08019989013673,249.89484378375442,247.4608315668583,52.57205206932422,0.019467101003015474
2025-11-07,263.2200012207031,286.0,260.0,275.8999938964844,22023708,DAMCAPITAL.NS,251.10749893188478,240.9567999267578,251.94486800482343,248.62817746714313,60.35935103767142,0.020526979394845078
2025-11-10,254.42999267578125,271.0,252.6000061035156,264.8800048828125,3464966,DAMCAPITAL.NS,251.42999877929688,241.58079986572267,252.3271948772785,249.0579415566719,55.479091035565375,0.021973312438177968
2025-11-11,236.1699981689453,252.9499969482422,235.0,252.9499969482422,3252773,DAMCAPITAL.NS,250.7714988708496,241.88119995117188,249.8414723067657,248.10327908350695,36.4892154439076,0.02736686935208342
2025-11-12,242.3500061035156,243.9499969482422,232.5599975585937,238.009994506836,1779986,DAMCAPITAL.NS,250.10749893188478,242.34240020751952,248.6889390447272,247.67711071461872,38.29163068668571,0.027417532772888942
2025-11-13,238.75,242.88999938964844,237.5500030517578,242.3500061035156,774434,DAMCAPITAL.NS,249.84249877929688,242.75260009765626,247.15987149938454,247.0158432542766,39.2575619760876,0.025695614604264828
2025-11-14,239.4600067138672,242.0,236.4499969482422,238.5,717818,DAMCAPITAL.NS,249.19749908447267,243.10220031738282,245.97527691699725,246.45615165869071,42.666274037620546,0.024384823553703083
2025-11-17,251.83999633789065,258.5,237.08999633789065,239.4600067138672,3587210,DAMCAPITAL.NS,249.18199920654297,243.60920013427733,246.87754144328855,246.85495496826107,51.65791563928865,0.027219368505041187
2025-11-18,246.1699981689453,253.009994506836,245.0,252.8999938964844,563861,DAMCAPITAL.NS,249.08749923706054,244.06260009765626,246.76868863185112,246.80421742757102,46.855116034553006,0.02745570555961831
2025-11-19,239.8999938964844,246.4900054931641,239.2700042724609,246.0,610983,DAMCAPITAL.NS,248.33499908447266,244.36139984130858,245.7119663648716,246.29279346230533,45.47505469694192,0.027198904319148644
2025-11-20,239.8500061035156,242.8000030517578,238.22999572753903,240.0,476144,DAMCAPITAL.NS,247.37249908447265,244.70239990234376,244.810126324663,245.81554995424685,46.6041952753472,0.02684150727228014
2025-11-21,235.1000061035156,239.1499938964844,234.3000030517578,239.1499938964844,447158,DAMCAPITAL.NS,246.44049911499025,244.91220001220702,243.3162616752557,245.02180596530377,44.68954831815853,0.02681247360328467
2025-11-24,225.3699951171875,236.4499969482422,223.16000366210932,235.6999969482422,840861,DAMCAPITAL.NS,245.25299911499025,244.85899993896484,240.55529758939906,243.56611627285073,37.886040965756976,0.027959757777904867
2025-11-25,227.07000732421875,230.3699951171875,225.4199981689453,226.92999267578125,429591,DAMCAPITAL.NS,244.14399948120118,244.92119995117187,238.4806375486021,242.34418227665577,35.748037469671274,0.028071597984271935
2025-11-26,229.57000732421875,232.4900054931641,227.5,228.0,378768,DAMCAPITAL.NS,243.05699996948243,245.0720001220703,237.10977136023544,241.39794709499375,35.91384753817093,0.028142734665201567
2025-11-27,227.1499938964844,233.63999938964844,226.25,230.6999969482422,395737,DAMCAPITAL.NS,242.0384994506836,244.89619995117187,235.57749790427374,240.34254315436345,28.273708095334214,0.028068001807607677
2025-11-28,223.6300048828125,229.44000244140625,222.6999969482422,228.3000030517578,395788,DAMCAPITAL.NS,240.94850006103516,244.62760009765626,233.73942205481814,239.1045773564708,30.19039132286639,0.02817211397525381
2025-12-01,216.3300018310547,226.7700042724609,215.1000061035156,225.3000030517578,717972,DAMCAPITAL.NS,239.55500030517578,244.29440002441407,231.06104971270065,237.41757176199553,35.14526232858432,0.028879613193735047
2025-12-02,219.25,221.1000061035156,213.6300048828125,217.0,721586,DAMCAPITAL.NS,238.13500061035157,243.9967999267578,229.24396514151593,236.07182570555142,31.81675141633808,0.028857255926379093
2025-12-03,214.8000030517578,220.2100067138672,213.6000061035156,220.0399932861328,361459,DAMCAPITAL.NS,236.25450057983397,243.38359985351562,227.021817127707,234.49613513860376,31.39661869840205,0.02841257783879433
2025-12-04,214.259994506836,216.69000244140625,212.44000244140625,214.8000030517578,319279,DAMCAPITAL.NS,234.2335006713867,242.5001998901367,225.05845980141916,232.99716175847283,30.373826000401237,0.028173356110760293
2025-12-05,213.7100067138672,216.5,212.3999938964844,214.1499938964844,315022,DAMCAPITAL.NS,231.75800094604492,241.70459991455078,223.31254394179575,231.56848360702054,13.595587101969883,0.026461811064661746
2025-12-08,205.8800048828125,215.0,204.0,213.7100067138672,585765,DAMCAPITAL.NS,229.33050155639648,240.7895999145508,220.63061485579834,229.6656333311533,13.05704849260384,0.0266220442316157
2025-12-09,211.82000732421875,213.72999572753903,201.88999938964844,204.6999969482422,505138,DAMCAPITAL.NS,228.11300201416014,239.9883999633789,219.27513677401686,228.34373510841738,24.09595918077774,0.023722302478980616
2025-12-10,207.9600067138672,215.5500030517578,207.1199951171875,212.8699951171875,343550,DAMCAPITAL.NS,226.39350204467775,239.39800018310547,217.53434753399384,226.83382930141366,22.513372148842194,0.022691222241384354
2025-12-11,210.9600067138672,211.75,206.02999877929688,208.6999969482422,321827,DAMCAPITAL.NS,225.0040023803711,238.84280029296875,216.5229104847436,225.65799059122503,28.546046345364346,0.02312397427601385
2025-12-12,212.27999877929688,214.8500061035156,211.0,212.69000244140625,332777,DAMCAPITAL.NS,223.64500198364257,238.41940032958985,215.87015483775178,224.6670282347859,36.32184465183498,0.023201922275126602
2025-12-15,214.17999267578125,215.3800048828125,209.0500030517578,211.6699981689453,330029,DAMCAPITAL.NS,221.76200180053712,237.9648001098633,215.6101298897563,223.89021078597074,36.58687000715146,0.019266067920923315
2025-12-16,210.16000366210932,215.38999938964844,209.509994506836,214.5399932861328,196129,DAMCAPITAL.NS,219.9615020751953,237.37500030517577,214.77164893165678,222.87315840642543,30.421613129028984,0.019134179967525308
2025-12-17,206.42999267578125,210.4900054931641,205.0,209.25,282712,DAMCAPITAL.NS,218.28800201416016,236.66000030517577,213.48831719998364,221.65514613008142,29.638353321517343,0.018832287899495776
2025-12-18,207.3999938964844,211.0,205.44000244140625,207.4499969482422,402809,DAMCAPITAL.NS,216.6655014038086,235.88540008544922,212.55165207636838,220.59920892759277,33.20917080945172,0.018961280416510483
2025-12-19,209.3800048828125,210.8000030517578,206.25,207.6199951171875,263428,DAMCAPITAL.NS,215.37950134277344,235.0752001953125,212.06370635428286,219.76815677612757,41.92048612429192,0.0190593844166083
2025-12-22,218.44000244140625,219.1199951171875,210.6999969482422,211.0,501076,DAMCAPITAL.NS,215.0330017089844,234.48440032958985,213.04467498307105,219.66977497355563,49.175994242949756,0.020067789049846862
2025-12-23,214.88999938964844,218.8300018310547,213.9499969482422,217.0599975585937,237889,DAMCAPITAL.NS,214.42400131225585,233.795400390625,213.3285710456214,219.31571752289585,50.093260453772665,0.020216394998026604
2025-12-24,215.0399932861328,217.7700042724609,214.22000122070312,214.22000122070312,244420,DAMCAPITAL.NS,213.69750061035157,232.98360015869142,213.59186677493085,218.99899720906154,50.81487569790006,0.01998226639992052
2025-12-26,211.22000122070312,216.1199951171875,210.25,215.6999969482422,346079,DAMCAPITAL.NS,212.9010009765625,232.3270001220703,213.22696438197272,218.42277528399794,47.56502444898391,0.02018851555994015
2025-12-29,209.1699981689453,212.8600006103516,207.7100067138672,211.2400054931641,292292,DAMCAPITAL.NS,212.17800064086913,231.46320007324218,212.60281573381465,217.73738438658663,53.6273362186526,0.020047473765953967
2025-12-30,211.3800048828125,212.6300048828125,207.259994506836,209.0,190126,DAMCAPITAL.NS,211.93050079345704,230.64780029296875,212.41469098750665,217.26646738630706,49.47140498194755,0.01900236889975931
2025-12-31,210.2100067138672,212.83999633789065,209.67999267578125,211.4900054931641,217139,DAMCAPITAL.NS,211.4785011291504,229.89080047607422,212.07550879156213,216.74376659575597,52.88980275277543,0.018713235625229224
2026-01-01,215.4499969482422,221.6999969482422,210.7100067138672,211.7899932861328,754832,DAMCAPITAL.NS,211.5110008239746,229.10080047607423,212.59466081566674,216.64793180705124,55.45299016054165,0.019106241008198906
2026-01-02,219.1199951171875,220.69000244140625,215.16000366210932,216.8000030517578,404064,DAMCAPITAL.NS,211.75400085449218,228.30120025634767,213.59855840051608,216.83104760780208,57.85845365877945,0.019450334791780054
2026-01-05,214.8999938964844,220.2100067138672,214.0,219.1199951171875,243620,DAMCAPITAL.NS,211.81350021362306,227.52440002441406,213.7987792460497,216.68800659214892,50.78534170835875,0.01997606204352693
2026-01-06,216.1300048828125,219.44000244140625,212.5500030517578,216.0,367676,DAMCAPITAL.NS,212.32600021362305,226.86460021972655,214.1574293440132,216.6466731321981,56.93379637801524,0.017980898804162124
2026-01-07,216.2100067138672,219.009994506836,215.02999877929688,215.69000244140625,190067,DAMCAPITAL.NS,212.54550018310547,226.2038003540039,214.47321047783686,216.614327471581,62.411182443566716,0.016885571544120306
2026-01-08,213.0,218.8800048828125,210.6100006103516,216.0,231452,DAMCAPITAL.NS,212.7974998474121,225.43760040283203,214.24656271201582,216.34659951072314,56.72430851765532,0.016697410543421908
2026-01-09,207.3699951171875,214.0,206.8500061035156,214.0,327071,DAMCAPITAL.NS,212.6179992675781,224.63460021972656,213.18862923588838,215.6816658519427,47.780956738359485,0.01749131931969363
2026-01-12,206.6699981689453,208.0,203.5,207.3699951171875,307082,DAMCAPITAL.NS,212.33749923706054,223.85940032958985,212.18576291789714,215.01413491246143,34.06444388894511,0.017421762680981997
2026-01-13,208.22000122070312,210.16000366210932,206.5,207.1999969482422,248534,DAMCAPITAL.NS,212.03949966430665,223.13980041503908,211.57564573371343,214.51086575010896,40.45233802775062,0.017380274415982506
2026-01-14,205.0399932861328,209.88999938964844,204.009994506836,208.3999938964844,262102,DAMCAPITAL.NS,211.78349914550782,222.28760040283203,210.57016074177795,213.8093196416663,36.82824787719655,0.01721171571129628
2026-01-15,205.0399932861328,205.0399932861328,205.0399932861328,205.0399932861328,0,DAMCAPITAL.NS,211.7139991760254,221.3402001953125,209.71936574860177,213.15973991162676,40.94902970008504,0.016759368126049775
2026-01-16,205.0,208.97999572753903,203.7899932861328,207.1499938964844,217710,DAMCAPITAL.NS,211.59399948120117,220.3466003417969,208.99330947958612,212.55531473298774,43.51074454580554,0.016719674379089996
2026-01-19,203.4900054931641,205.9900054931641,202.3000030517578,205.0,242436,DAMCAPITAL.NS,211.29949951171875,219.1520004272461,208.14664732782887,211.88381034485266,37.448301944317826,0.01661481908602617
2026-01-20,191.7100067138672,203.5200042724609,191.1100006103516,203.0,702573,DAMCAPITAL.NS,209.9629997253418,217.89760070800781,205.61793338721938,210.38945452033522,27.99715004787423,0.017696368332871658
2026-01-21,182.67999267578125,193.69000244140625,181.1999969482422,190.0,926242,DAMCAPITAL.NS,208.35249938964844,216.82780059814453,202.0890194316135,208.336901791109,14.248329541667275,0.019821536853473376
2026-01-22,179.89999389648438,188.77999877929688,178.1999969482422,186.3300018310547,679558,DAMCAPITAL.NS,206.59549942016602,215.5788003540039,198.6753231954398,206.23046416928497,6.36407158791107,0.019777782626832448
2026-01-23,178.4199981689453,182.3800048828125,177.39999389648438,180.97999572753903,437046,DAMCAPITAL.NS,204.95549926757812,214.3722003173828,195.5591193452099,204.17042965074128,6.777284378445131,0.019662171478161745
2026-01-27,169.52000427246094,178.4199981689453,167.07000732421875,178.0,941078,DAMCAPITAL.NS,202.9729995727539,212.97340026855468,191.55310164171007,201.60373147457236,3.268507206081736,0.021762640058585594
2026-01-28,178.57000732421875,179.67999267578125,170.0800018310547,170.3000030517578,457956,DAMCAPITAL.NS,201.3324996948242,211.50800048828125,189.5557025159422,199.89752968565728,18.014962634905018,0.025670982614019375
2026-01-29,172.05999755859375,179.91000366210938,171.10000610351562,179.16000366210938,376897,DAMCAPITAL.NS,199.42499923706055,210.0258004760742,186.86405559942705,197.83549026883776,17.05826135298821,0.026429387619775348
2026-01-30,176.89999389648438,178.0,170.25,172.05999755859375,460969,DAMCAPITAL.NS,197.49749908447265,208.76580047607422,185.33112302974354,196.28471275977455,25.167075640309463,0.02665846349147028
2026-02-02,170.77000427246094,176.99000549316406,168.2100067138672,176.7899932861328,389149,DAMCAPITAL.NS,195.07999954223632,207.38420043945314,183.09095091323852,194.39473435330686,23.12069889733654,0.026458525430777573
2026-02-03,180.0500030517578,183.5800018310547,175.24000549316406,179.2100067138672,763262,DAMCAPITAL.NS,193.3375,206.28320037841797,182.62311278070302,193.33216166430324,31.096496949573094,0.030250342191284755
2026-02-04,176.47000122070312,178.60000610351562,169.0,171.86000061035156,1127743,DAMCAPITAL.NS,191.35449981689453,205.30520050048827,181.67648023301072,192.08311274255507,30.930452217128263,0.0301640764491376
2026-02-05,170.2100067138672,174.5,169.69000244140625,173.0500030517578,308466,DAMCAPITAL.NS,189.05449981689452,204.16800048828125,179.9124073839117,190.46288266635597,28.5450327057371,0.030598858239275068
2026-02-06,167.1699981689453,170.30999755859375,165.22999572753906,170.2899932861328,346626,DAMCAPITAL.NS,186.76299972534179,202.9200003051758,177.95203673545535,188.73748381469593,27.527621091827385,0.030623897559259657
2026-02-09,170.77999877929688,171.8000030517578,164.91000366210938,169.0,603604,DAMCAPITAL.NS,184.93349990844726,201.79260040283202,176.84864628066174,187.4072997379997,31.042074247173247,0.03127540814033993
2026-02-10,173.17999267578125,177.42999267578125,170.7899932861328,170.7899932861328,442486,DAMCAPITAL.NS,183.25899963378907,200.7836001586914,176.28423803375705,186.35342514079832,37.95030941268248,0.03168620507042183
2026-02-11,166.52999877929688,174.89999389648438,165.67999267578125,173.99000549316406,451974,DAMCAPITAL.NS,181.17449951171875,199.78760009765625,174.78358584076318,184.88502318809452,39.16252959706218,0.03213878041618098
2026-02-12,165.0399932861328,167.19000244140625,163.0,167.19000244140625,729030,DAMCAPITAL.NS,179.17449951171875,198.7033999633789,173.28457160158928,183.4150209731344,39.85249695480609,0.0321216914311623
2026-02-13,163.19000244140625,164.3300018310547,161.74000549316406,163.9499969482422,258915,DAMCAPITAL.NS,177.0819999694824,197.67119995117187,171.73156096156114,181.91687145226564,39.65212688995775,0.03203013398360621
2026-02-16,169.58999633789062,170.6999969482422,161.27000427246094,165.39999389648438,828354,DAMCAPITAL.NS,175.31149978637694,196.77779998779297,171.40208948099647,181.00376959194156,50.04922779860625,0.03388003741159678
2026-02-17,170.69000244140625,173.75,170.0,171.74000549316406,322716,DAMCAPITAL.NS,173.67149963378907,195.91739990234376,171.2925376287518,180.23978684005007,43.75989320294968,0.03405402349591666
2026-02-18,168.2899932861328,171.67999267578125,166.91000366210938,170.6999969482422,199561,DAMCAPITAL.NS,172.50049896240233,195.16559967041016,170.83060772988733,179.3546169471673,46.80670394296215,0.03203865541036096
2026-02-19,168.08999633789062,170.89999389648438,165.60000610351562,168.25,344635,DAMCAPITAL.NS,171.7709991455078,194.2909994506836,170.4089752080417,178.5202006057394,41.901084639593414,0.030549450510065593
2026-02-20,163.8000030517578,166.49000549316406,163.02000427246094,165.0500030517578,261945,DAMCAPITAL.NS,170.96599960327148,193.4077993774414,169.3922102609211,177.42981560174076,43.36821804016126,0.03083921316115501
2026-02-23,160.60000610351562,165.44000244140625,160.0,164.89999389648438,282155,DAMCAPITAL.NS,170.075,192.40059936523437,168.0395634674741,176.18316304631668,29.072516866926705,0.031019555255069938
2026-02-24,157.16000366210938,160.50999450683594,156.58999633789062,160.5,338824,DAMCAPITAL.NS,169.4569999694824,191.29819946289064,166.36578503587953,174.77404012896798,29.160367844620495,0.02945553766612466
2026-02-25,150.83999633789062,157.99000549316406,150.10000610351562,157.1699981689453,498100,DAMCAPITAL.NS,168.07049942016602,190.03139953613282,163.97720215926586,173.0011479962956,29.122644286670507,0.02732179807736977
2026-02-26,152.1699981689453,154.0,150.61000061035156,151.0,306511,DAMCAPITAL.NS,167.07599945068358,188.87159942626954,162.16070923767808,171.45809986093633,33.213963228634626,0.026713120354514848
2026-02-27,150.27000427246094,152.0,149.0800018310547,152.0,229429,DAMCAPITAL.NS,165.74449996948243,187.7483996582031,160.33137001226004,169.88861129882704,26.1345110456695,0.02551608314724152
2026-03-02,143.91000366210938,148.0,141.10000610351562,148.0,459758,DAMCAPITAL.NS,164.40149993896483,186.47859985351562,157.80500595839072,167.96426999240353,18.81526360350682,0.025993910698863473
2026-03-04,140.24000549316406,141.7100067138672,139.00999450683594,140.0,393977,DAMCAPITAL.NS,162.41100006103517,185.09579986572265,155.1026981945097,165.91062077023764,20.091018075503754,0.021651525483220267
2026-03-05,142.14999389648438,146.1699981689453,139.07000732421875,140.99000549316406,605217,DAMCAPITAL.NS,160.69499969482422,183.56999969482422,153.10997445635198,164.15057433514482,24.205533265172562,0.022311180735514986
2026-03-06,136.42999267578125,142.49000549316406,135.89999389648438,141.10000610351562,386589,DAMCAPITAL.NS,159.00599899291993,182.00079956054688,150.54382341318725,162.0971979159327,22.263665855226193,0.022615121753454426
2026-03-09,130.80999755859375,133.6999969482422,128.5,131.0500030517578,680504,DAMCAPITAL.NS,157.18799896240233,180.3161996459961,147.50785020478827,159.77962751909277,9.144536703084995,0.02358207015160482
2026-03-10,134.10000610351562,134.8000030517578,129.52000427246094,131.39999389648438,874513,DAMCAPITAL.NS,155.35399932861327,178.77379974365235,145.44510495843863,157.87743334016113,13.152063609335613,0.02385986981199792
2026-03-11,132.86000061035156,138.39999389648438,132.2100067138672,135.0,391368,DAMCAPITAL.NS,153.3379997253418,177.24759979248046,143.50893505873293,156.02429017499006,13.46669435843215,0.023090368167477067
2026-03-12,131.1199951171875,133.69000244140625,127.0,131.0,662467,DAMCAPITAL.NS,151.56749954223633,175.64239959716798,141.60294429849517,154.1795275781158,13.05216657730378,0.022299921937877415
2026-03-13,125.61000061035156,132.4499969482422,125.1999969482422,132.42999267578125,378597,DAMCAPITAL.NS,149.59599990844725,173.95039947509767,139.14249142339617,152.06326632124438,12.741461032774396,0.023293647656233055
2026-03-16,121.69000244140624,126.5,119.22000122070312,126.5,1298893,DAMCAPITAL.NS,147.52099990844727,172.07519958496093,136.45749311847464,149.81339492273784,12.564938668301465,0.023626109756423857
2026-03-17,121.4800033569336,124.5999984741211,120.0,123.5199966430664,667574,DAMCAPITAL.NS,145.11550025939943,170.12239974975586,134.1532639243914,147.7146251771227,13.39761810730586,0.020282112568426415
2026-03-18,131.97999572753906,136.60000610351562,122.0,122.3499984741211,1660825,DAMCAPITAL.NS,143.17999992370605,168.46399978637695,133.8189149710295,146.54909706974615,32.18064370658365,0.03038234965672423
2026-03-19,126.68000030517578,131.74000549316406,125.36000061035156,129.05999755859375,515950,DAMCAPITAL.NS,141.0995002746582,166.6749996948242,132.720620407052,145.0773121242224,27.597109867752195,0.031013609993547745
2026-03-20,129.85000610351562,133.8800048828125,126.62999725341795,129.0,707357,DAMCAPITAL.NS,139.18750076293946,164.9477996826172,132.27898743727718,143.94936353009598,32.444977441072226,0.03210279866890305
2026-03-23,122.83999633789062,128.14999389648438,122.0,126.0,530624,DAMCAPITAL.NS,137.1395004272461,163.144599609375,130.82683496044848,142.38570670104374,32.08637289669481,0.03332545928108525
2026-03-24,127.83000183105467,129.60000610351562,124.33000183105467,125.5,1150110,DAMCAPITAL.NS,135.50100021362306,161.55379974365235,130.3657837097725,141.3075063403038,39.68068962717093,0.035425900762634105
2026-03-25,135.27999877929688,136.6999969482422,130.3699951171875,131.5399932861328,791116,DAMCAPITAL.NS,134.40699996948243,160.12599975585937,131.12181679739163,140.86102429874774,44.76930583793204,0.03851170291747388
2026-03-27,131.3000030517578,134.8699951171875,127.52999877929688,134.8699951171875,1801118,DAMCAPITAL.NS,133.43000030517578,158.58759979248046,131.14923006729413,140.1528005026744,45.98780776840059,0.038091757162461125
2026-03-30,123.26000213623048,130.75999450683594,122.0999984741211,130.0,698839,DAMCAPITAL.NS,131.98450050354003,156.95199996948242,129.93550269328432,138.90148210516003,44.3104793822986,0.03981660860380902
2026-04-01,135.13999938964844,136.0,127.0,128.89999389648438,575039,DAMCAPITAL.NS,131.2280002593994,155.55400009155272,130.73619449272496,138.62285375586285,50.6938839419881,0.046329798668398994
2026-04-02,136.66000366210938,137.9199981689453,127.13999938964844,131.0500030517578,592398,DAMCAPITAL.NS,130.86550025939943,154.18720016479492,131.64754974955332,138.47745745262185,52.525925943957525,0.04555744468598281
2026-04-06,137.07000732421875,138.1699981689453,132.25,136.66000366210938,430082,DAMCAPITAL.NS,130.70700035095214,152.85880020141602,132.48177399180955,138.37320188755493,54.02626353781295,0.045215357787197624
2026-04-07,131.36000061035156,137.7899932861328,130.5,136.50999450683594,727989,DAMCAPITAL.NS,130.1675006866455,151.6518000793457,132.30919347158525,137.85370549665097,53.88041510325373,0.04600938006117981
2026-04-08,139.82000732421875,144.27000427246094,133.5800018310547,137.0,2317598,DAMCAPITAL.NS,130.33700141906738,150.79460037231445,133.46470329506732,137.9993574838782,61.52867877317273,0.04747262358165652
2026-04-09,141.2899932861328,144.60000610351562,138.35000610351562,139.99000549316406,721357,DAMCAPITAL.NS,130.86100120544432,150.0224003601074,134.66859406292355,138.2431082840452,62.39829026706508,0.04637578483703986
2026-04-10,144.5500030517578,147.5,142.97999572753906,143.5500030517578,765124,DAMCAPITAL.NS,131.38350105285645,149.34500045776366,136.18881083043652,138.71028567424614,58.651068891991756,0.04633025263608774
2026-04-13,145.1300048828125,147.1999969482422,136.14999389648438,141.0,590373,DAMCAPITAL.NS,131.9970012664795,148.8572004699707,137.56437914618667,139.18582043043625,63.58015325046539,0.04621397392834106
2026-04-15,157.19000244140625,158.3000030517578,148.10000610351562,148.10000610351562,1339020,DAMCAPITAL.NS,133.30050163269044,148.42960037231444,140.58370580698968,140.51946354235997,67.79483747765657,0.04910054550171619
2026-04-16,155.5,159.8000030517578,152.66000366210938,159.5500030517578,707369,DAMCAPITAL.NS,134.79500160217285,148.09840042114257,142.87852029822204,141.62913290959256,72.83915852597997,0.04783037770017445
2026-04-17,158.94000244140625,162.0,155.82000732421875,156.8000030517578,923961,DAMCAPITAL.NS,136.65750160217286,147.73920059204102,145.3495175510196,142.91141954157874,72.23730892160192,0.04678174624268157
