Price,Close,High,Low,Open,Volume
Ticker,AXISCADES.NS,AXISCADES.NS,AXISCADES.NS,AXISCADES.NS,AXISCADES.NS
Date,,,,,
2021-03-30,40.099998474121094,41.45000076293945,39.54999923706055,40.29999923706055,81307
2021-03-31,39.79999923706055,41.20000076293945,39.5,40.20000076293945,49095
2021-04-01,42.70000076293945,42.900001525878906,39.95000076293945,40.0,86237
2021-04-05,42.25,43.0,41.45000076293945,43.0,47328
2021-04-06,42.29999923706055,42.900001525878906,42.099998474121094,42.79999923706055,28113
2021-04-07,43.25,43.5,42.150001525878906,42.599998474121094,78582
2021-04-08,51.900001525878906,51.900001525878906,44.45000076293945,44.599998474121094,865008
2021-04-09,53.599998474121094,56.400001525878906,52.04999923706055,54.95000076293945,774582
2021-04-12,52.849998474121094,55.400001525878906,48.150001525878906,52.04999923706055,350527
2021-04-13,59.900001525878906,63.400001525878906,51.20000076293945,51.95000076293945,1320134
2021-04-15,55.349998474121094,62.400001525878906,53.099998474121094,61.20000076293945,367555
2021-04-16,57.45000076293945,59.900001525878906,54.95000076293945,55.0,318145
2021-04-19,60.20000076293945,62.5,53.099998474121094,57.0,362040
2021-04-20,61.75,66.9000015258789,60.0,60.0,677564
2021-04-22,67.1500015258789,69.0999984741211,60.900001525878906,61.400001525878906,614028
2021-04-23,66.6500015258789,71.55000305175781,65.1500015258789,67.55000305175781,458528
2021-04-26,65.75,69.0,64.55000305175781,68.80000305175781,316528
2021-04-27,64.69999694824219,67.5999984741211,63.79999923706055,66.0,221678
2021-04-28,64.5,66.44999694824219,63.849998474121094,65.0,114140
2021-04-29,60.79999923706055,65.9000015258789,60.400001525878906,65.1500015258789,241646
2021-04-30,60.29999923706055,64.0,59.20000076293945,60.70000076293945,200895
2021-05-03,59.150001525878906,62.900001525878906,58.54999923706055,60.0,189880
2021-05-04,58.20000076293945,61.70000076293945,57.54999923706055,59.70000076293945,119598
2021-05-05,59.349998474121094,61.900001525878906,58.650001525878906,58.70000076293945,169799
2021-05-06,60.20000076293945,60.79999923706055,59.5,59.5,76819
2021-05-07,59.849998474121094,61.900001525878906,59.20000076293945,60.29999923706055,71659
2021-05-10,66.55000305175781,67.9000015258789,59.599998474121094,60.25,410539
2021-05-11,67.8499984741211,71.0,64.80000305175781,66.0,396111
2021-05-12,65.05000305175781,68.8499984741211,63.45000076293945,68.3499984741211,180105
2021-05-14,61.650001525878906,65.94999694824219,60.79999923706055,65.44999694824219,126736
2021-05-17,61.650001525878906,62.95000076293945,61.04999923706055,62.099998474121094,51159
2021-05-18,62.04999923706055,64.6500015258789,61.650001525878906,61.79999923706055,103607
2021-05-19,62.29999923706055,64.69999694824219,60.099998474121094,63.0,130456
2021-05-20,62.45000076293945,64.5999984741211,62.20000076293945,62.79999923706055,106189
2021-05-21,63.349998474121094,63.900001525878906,62.95000076293945,63.349998474121094,76875
2021-05-24,67.25,68.0,63.5,63.5,346593
2021-05-25,80.4000015258789,80.69999694824219,68.0,68.0,4149075
2021-05-26,81.75,84.69999694824219,78.0,82.19999694824219,1311895
2021-05-27,78.5,82.8499984741211,77.80000305175781,82.80000305175781,379979
2021-05-28,73.0999984741211,79.80000305175781,72.5,78.9000015258789,347173
2021-05-31,78.8499984741211,84.0,71.5,73.6500015258789,686822
2021-06-01,80.19999694824219,84.25,75.5,78.75,469424
2021-06-02,81.44999694824219,83.55000305175781,77.4000015258789,80.5999984741211,281204
2021-06-03,81.19999694824219,83.30000305175781,81.0,82.19999694824219,159680
2021-06-04,79.8499984741211,81.8499984741211,78.80000305175781,81.80000305175781,179032
2021-06-07,93.55000305175781,95.80000305175781,79.75,79.80000305175781,1499322
2021-06-08,89.69999694824219,94.80000305175781,88.19999694824219,94.4000015258789,619298
2021-06-09,94.19999694824219,103.6500015258789,90.0,90.4000015258789,1302301
2021-06-10,98.6500015258789,102.1500015258789,95.9000015258789,95.9000015258789,489556
2021-06-11,100.8499984741211,105.5,95.0,99.4000015258789,764958
2021-06-14,92.3499984741211,96.9000015258789,88.30000305175781,96.9000015258789,708484
2021-06-15,93.05000305175781,95.69999694824219,92.05000305175781,93.25,194889
2021-06-16,89.80000305175781,93.5,88.5,93.0,166873
2021-06-17,86.9000015258789,93.8499984741211,85.3499984741211,85.5,78317
2021-06-18,83.1500015258789,90.0,82.5999984741211,87.80000305175781,72460
2021-06-21,84.9000015258789,87.30000305175781,79.0,81.0,54818
2021-06-22,84.9000015258789,88.25,83.80000305175781,86.0,30723
2021-06-23,81.5999984741211,86.94999694824219,80.69999694824219,86.5999984741211,85146
2021-06-24,80.69999694824219,83.9000015258789,80.0,81.94999694824219,34594
2021-06-25,78.30000305175781,82.9000015258789,76.69999694824219,80.69999694824219,55918
2021-06-28,80.0999984741211,82.19999694824219,76.5,78.94999694824219,35809
2021-06-29,79.69999694824219,83.9000015258789,78.19999694824219,80.0999984741211,48282
2021-06-30,79.05000305175781,81.5999984741211,79.0,79.0,25345
2021-07-01,78.30000305175781,80.25,77.80000305175781,79.9000015258789,28331
2021-07-02,81.55000305175781,82.19999694824219,78.0,78.30000305175781,75884
2021-07-05,84.80000305175781,85.4000015258789,82.0,82.0,54935
2021-07-06,86.75,87.9000015258789,85.5,85.5,65573
2021-07-07,87.5999984741211,88.9000015258789,84.0,86.75,87525
2021-07-08,91.75,91.94999694824219,88.0,89.9000015258789,249940
2021-07-09,96.30000305175781,96.30000305175781,88.19999694824219,90.9000015258789,168874
2021-07-12,101.0999984741211,101.0999984741211,98.5,101.0999984741211,309032
2021-07-13,100.5,106.0999984741211,96.5999984741211,104.0,235121
2021-07-14,97.80000305175781,102.0,95.5,98.30000305175781,86955
2021-07-15,94.80000305175781,97.5,92.94999694824219,97.5,102839
2021-07-16,97.3499984741211,99.0,90.5,93.0,122325
2021-07-19,96.55000305175781,101.0,94.5,97.0,93560
2021-07-20,96.5999984741211,98.9000015258789,91.8499984741211,98.9000015258789,121551
2021-07-22,100.25,101.0,96.0,97.0,166535
2021-07-23,99.69999694824219,102.0,97.0999984741211,100.05000305175781,168673
2021-07-26,97.19999694824219,101.9000015258789,95.75,99.0,124335
2021-07-27,95.94999694824219,98.5,95.25,97.19999694824219,66144
2021-07-28,91.19999694824219,96.5,91.19999694824219,96.05000305175781,227267
2021-07-29,92.69999694824219,93.4000015258789,90.30000305175781,91.19999694824219,78079
2021-07-30,92.94999694824219,94.0,91.6500015258789,92.69999694824219,59748
2021-08-02,94.1500015258789,96.69999694824219,92.44999694824219,93.80000305175781,80988
2021-08-03,94.30000305175781,96.9000015258789,93.8499984741211,94.94999694824219,36202
2021-08-04,92.9000015258789,96.80000305175781,92.1500015258789,93.75,59851
2021-08-05,88.5999984741211,93.0,88.30000305175781,92.9000015258789,117331
2021-08-06,89.55000305175781,93.0,88.30000305175781,90.5,60370
2021-08-09,85.5,93.1500015258789,85.0999984741211,92.80000305175781,116219
2021-08-10,81.25,85.5,81.25,83.19999694824219,58316
2021-08-11,78.4000015258789,81.94999694824219,77.19999694824219,81.25,139721
2021-08-12,81.19999694824219,82.30000305175781,78.6500015258789,79.6500015258789,76125
2021-08-13,82.80000305175781,84.80000305175781,80.0,82.30000305175781,72135
2021-08-16,78.80000305175781,82.80000305175781,78.69999694824219,82.80000305175781,60180
2021-08-17,77.0999984741211,80.69999694824219,75.0,77.30000305175781,63067
2021-08-18,73.69999694824219,78.6500015258789,73.25,78.55000305175781,70597
2021-08-20,71.8499984741211,74.9000015258789,70.05000305175781,74.9000015258789,156096
2021-08-23,68.30000305175781,73.9000015258789,68.30000305175781,72.80000305175781,77510
2021-08-24,71.69999694824219,71.69999694824219,66.05000305175781,68.30000305175781,48014
2021-08-25,75.25,75.25,72.30000305175781,72.5,156753
2021-08-26,72.44999694824219,77.80000305175781,72.0,77.80000305175781,82092
2021-08-27,73.05000305175781,74.6500015258789,71.80000305175781,72.0,27833
2021-08-30,72.25,74.80000305175781,70.05000305175781,73.80000305175781,53889
2021-08-31,72.0999984741211,73.80000305175781,71.0,72.25,37736
2021-09-01,72.4000015258789,75.69999694824219,70.19999694824219,72.55000305175781,209687
2021-09-02,73.4000015258789,76.0,71.0999984741211,73.44999694824219,133300
2021-09-03,72.94999694824219,74.80000305175781,72.5,73.5999984741211,42904
2021-09-06,72.69999694824219,74.94999694824219,72.0,73.75,49875
2021-09-07,71.80000305175781,74.1500015258789,71.19999694824219,73.4000015258789,29766
2021-09-08,71.44999694824219,73.19999694824219,70.80000305175781,72.5,41015
2021-09-09,71.19999694824219,71.69999694824219,70.25,71.44999694824219,49901
2021-09-13,69.25,71.5999984741211,67.75,67.75,88382
2021-09-14,72.69999694824219,72.69999694824219,69.80000305175781,69.80000305175781,59018
2021-09-15,75.3499984741211,76.30000305175781,72.5999984741211,74.69999694824219,95655
2021-09-16,74.5999984741211,77.9000015258789,74.4000015258789,76.1500015258789,41282
2021-09-17,71.94999694824219,77.4000015258789,71.30000305175781,76.30000305175781,40016
2021-09-20,70.3499984741211,74.1500015258789,68.4000015258789,71.80000305175781,65355
2021-09-21,70.9000015258789,72.05000305175781,69.05000305175781,72.05000305175781,40201
2021-09-22,68.94999694824219,71.9000015258789,68.5999984741211,70.9000015258789,102701
2021-09-23,70.44999694824219,72.3499984741211,69.5999984741211,71.30000305175781,50151
2021-09-24,69.75,72.4000015258789,68.9000015258789,72.4000015258789,44866
2021-09-27,69.55000305175781,71.4000015258789,69.0,71.4000015258789,34507
2021-09-28,73.0,73.0,69.4000015258789,70.0,108415
2021-09-29,76.6500015258789,76.6500015258789,74.19999694824219,76.6500015258789,118324
2021-09-30,80.44999694824219,80.44999694824219,80.44999694824219,80.44999694824219,21824
2021-10-01,84.44999694824219,84.44999694824219,84.44999694824219,84.44999694824219,46941
2021-10-04,88.6500015258789,88.6500015258789,88.6500015258789,88.6500015258789,50645
2021-10-05,88.1500015258789,93.05000305175781,85.5999984741211,93.05000305175781,1066943
2021-10-06,84.9000015258789,89.0,84.0999984741211,86.8499984741211,199845
2021-10-07,86.1500015258789,87.4000015258789,83.80000305175781,85.9000015258789,97023
2021-10-08,85.94999694824219,90.44999694824219,85.0999984741211,85.6500015258789,284865
2021-10-11,85.05000305175781,87.4000015258789,84.0,85.94999694824219,57131
2021-10-12,82.3499984741211,87.05000305175781,80.80000305175781,86.9000015258789,172732
2021-10-13,86.44999694824219,86.44999694824219,81.94999694824219,81.94999694824219,47387
2021-10-14,90.75,90.75,90.75,90.75,35541
2021-10-18,88.3499984741211,95.25,87.1500015258789,95.25,339426
2021-10-19,85.0999984741211,88.30000305175781,84.0,88.30000305175781,147963
2021-10-20,82.25,85.0,81.55000305175781,82.80000305175781,96175
2021-10-21,83.05000305175781,84.55000305175781,82.3499984741211,83.0,45938
2021-10-22,85.4000015258789,87.19999694824219,81.80000305175781,83.80000305175781,192327
2021-10-25,81.5999984741211,85.55000305175781,81.1500015258789,85.55000305175781,80180
2021-10-26,81.6500015258789,85.4000015258789,80.30000305175781,81.80000305175781,89148
2021-10-27,81.80000305175781,84.4000015258789,79.5,83.0,65698
2021-10-28,79.5,81.80000305175781,79.0,81.80000305175781,63757
2021-10-29,78.0999984741211,80.05000305175781,77.0,80.0,34011
2021-11-01,81.0,81.80000305175781,77.9000015258789,79.5,54156
2021-11-02,83.1500015258789,84.80000305175781,80.25,81.75,64836
2021-11-03,81.0999984741211,83.1500015258789,80.0999984741211,83.1500015258789,32204
2021-11-04,85.1500015258789,85.1500015258789,81.8499984741211,81.8499984741211,29613
2021-11-08,89.4000015258789,89.4000015258789,89.4000015258789,89.4000015258789,31568
2021-11-09,90.9000015258789,93.8499984741211,87.5,93.8499984741211,433082
2021-11-10,87.5999984741211,93.3499984741211,87.0999984741211,93.3499984741211,152055
2021-11-11,85.0,88.44999694824219,84.25,88.0,98280
2021-11-12,83.75,85.8499984741211,82.19999694824219,85.0999984741211,47057
2021-11-15,81.8499984741211,84.30000305175781,81.5,84.30000305175781,32505
2021-11-16,85.9000015258789,85.9000015258789,81.0999984741211,81.80000305175781,195895
2021-11-17,84.55000305175781,87.8499984741211,83.8499984741211,85.69999694824219,124355
2021-11-18,82.05000305175781,85.80000305175781,81.0,84.3499984741211,59611
2021-11-22,80.3499984741211,82.75,79.0,82.05000305175781,63201
2021-11-23,83.4000015258789,83.9000015258789,80.0999984741211,80.0999984741211,42351
2021-11-24,83.1500015258789,86.0,82.55000305175781,82.55000305175781,39198
2021-11-25,82.25,85.75,81.25,85.75,56764
2021-11-26,79.0999984741211,82.4000015258789,78.19999694824219,80.5,66529
2021-11-29,76.5999984741211,79.5,75.44999694824219,79.19999694824219,60406
2021-11-30,75.5,80.0,74.0,76.9000015258789,62698
2021-12-01,76.0,77.80000305175781,75.5,75.80000305175781,23499
2021-12-02,78.0999984741211,79.80000305175781,75.69999694824219,76.30000305175781,103069
2021-12-03,77.9000015258789,80.0,77.5999984741211,80.0,49116
2021-12-06,77.30000305175781,78.80000305175781,76.5,77.80000305175781,20093
2021-12-07,78.8499984741211,80.75,78.3499984741211,79.80000305175781,53366
2021-12-08,83.8499984741211,86.69999694824219,78.8499984741211,79.30000305175781,377977
2021-12-09,83.80000305175781,88.0,80.80000305175781,84.9000015258789,169266
2021-12-10,92.1500015258789,92.1500015258789,84.9000015258789,85.0,264402
2021-12-13,90.05000305175781,95.5999984741211,87.55000305175781,94.0,293178
2021-12-14,89.0,92.6500015258789,87.5,89.05000305175781,130814
2021-12-15,97.9000015258789,97.9000015258789,89.25,90.5,434414
2021-12-16,95.69999694824219,102.0,92.0,101.0,475497
2021-12-17,100.0999984741211,104.80000305175781,95.44999694824219,96.0999984741211,1208301
2021-12-20,107.1500015258789,110.0999984741211,94.5,99.9000015258789,1273517
2021-12-21,112.5,112.5,110.0999984741211,111.9000015258789,129863
2021-12-22,118.0999984741211,118.0999984741211,114.75,115.9000015258789,220989
2021-12-23,112.19999694824219,120.4000015258789,112.19999694824219,120.0999984741211,380288
2021-12-24,106.5999984741211,114.0,106.5999984741211,106.5999984741211,875881
2021-12-27,111.9000015258789,111.9000015258789,103.0,106.4000015258789,298290
2021-12-28,110.25,116.0,109.80000305175781,114.5,359872
2021-12-29,107.55000305175781,112.3499984741211,105.75,111.69999694824219,172594
2021-12-30,108.5,112.0,105.5999984741211,107.5,142337
2021-12-31,107.4000015258789,110.80000305175781,106.9000015258789,108.0,74491
2022-01-03,103.75,107.8499984741211,102.9000015258789,107.80000305175781,198355
2022-01-04,104.5,108.9000015258789,102.5999984741211,103.75,83547
2022-01-05,103.75,106.5,102.5,103.80000305175781,43754
2022-01-06,103.25,104.80000305175781,100.3499984741211,103.55000305175781,39643
2022-01-07,108.4000015258789,108.4000015258789,103.25,103.25,114132
2022-01-10,112.1500015258789,113.80000305175781,109.44999694824219,109.44999694824219,106093
2022-01-11,109.1500015258789,113.25,107.3499984741211,111.19999694824219,53441
2022-01-12,106.8499984741211,112.0,105.80000305175781,107.05000305175781,58170
2022-01-13,106.94999694824219,110.75,106.05000305175781,106.05000305175781,25352
2022-01-14,112.25,112.25,106.05000305175781,106.05000305175781,88227
2022-01-17,117.8499984741211,117.8499984741211,113.5,113.69999694824219,125400
2022-01-18,121.0999984741211,123.69999694824219,119.0,123.69999694824219,232781
2022-01-19,126.55000305175781,127.1500015258789,115.05000305175781,121.0999984741211,134543
2022-01-20,127.69999694824219,131.14999389648438,123.94999694824219,128.0,107313
2022-01-21,124.19999694824219,128.0,121.5,127.69999694824219,88199
2022-01-24,118.0,124.4000015258789,118.0,124.4000015258789,33254
2022-01-25,112.0999984741211,117.80000305175781,112.0999984741211,112.0999984741211,81230
2022-01-27,106.94999694824219,114.5,106.5,106.5,97890
2022-01-28,102.44999694824219,109.69999694824219,102.0,106.75,83623
2022-01-31,106.75,107.0999984741211,102.05000305175781,102.44999694824219,35814
2022-02-01,106.0,110.0,102.9000015258789,104.5,62010
2022-02-02,111.1500015258789,111.30000305175781,105.0999984741211,105.0999984741211,78489
2022-02-03,107.5,113.9000015258789,105.5999984741211,113.9000015258789,54099
2022-02-04,106.9000015258789,109.6500015258789,104.25,109.6500015258789,21187
2022-02-07,104.4000015258789,108.69999694824219,103.0,107.0,32283
2022-02-08,101.1500015258789,107.0,99.4000015258789,106.0,38391
2022-02-09,100.5,103.94999694824219,100.0,101.05000305175781,33129
2022-02-10,105.5,105.5,105.5,105.5,22627
2022-02-11,110.75,110.75,110.75,110.75,83830
2022-02-14,105.5,114.30000305175781,105.25,108.5,140185
2022-02-15,110.25,110.75,102.5,107.9000015258789,74825
2022-02-16,108.80000305175781,114.0,107.0,111.94999694824219,60696
2022-02-17,105.8499984741211,111.5,105.0,111.5,27970
2022-02-18,105.69999694824219,108.5,104.0,104.0,16431
2022-02-21,101.05000305175781,105.0,100.44999694824219,104.19999694824219,48865
2022-02-22,96.0,100.0,96.0,96.0,51821
2022-02-23,91.4000015258789,99.9000015258789,91.19999694824219,96.0,82438
2022-02-24,86.8499984741211,90.0,86.8499984741211,86.8499984741211,40503
2022-02-25,88.75,91.1500015258789,82.5999984741211,87.9000015258789,50689
2022-02-28,87.69999694824219,88.5,84.5,85.30000305175781,24930
2022-03-02,87.5,89.0,85.0,88.69999694824219,56293
2022-03-03,87.44999694824219,90.6500015258789,86.0999984741211,86.0999984741211,41101
2022-03-04,88.69999694824219,89.0,86.0,87.44999694824219,26110
2022-03-07,84.6500015258789,88.0,84.30000305175781,88.0,42891
2022-03-08,88.8499984741211,88.8499984741211,84.0,84.05000305175781,67823
2022-03-09,93.25,93.25,89.05000305175781,92.0,45631
2022-03-10,93.3499984741211,96.9000015258789,93.30000305175781,94.0,32797
2022-03-11,93.55000305175781,96.0,92.0,96.0,8801
2022-03-14,96.3499984741211,98.1500015258789,92.0999984741211,95.0,27523
2022-03-15,92.5999984741211,99.0,91.55000305175781,97.69999694824219,44098
2022-03-16,93.25,95.25,92.5999984741211,93.94999694824219,13244
2022-03-17,95.9000015258789,96.80000305175781,94.0,95.80000305175781,19131
2022-03-21,97.8499984741211,100.0,93.75,96.0,34367
2022-03-22,102.25,102.69999694824219,96.0,98.0,49294
2022-03-23,104.75,107.30000305175781,102.0999984741211,102.44999694824219,49364
2022-03-24,105.1500015258789,106.0,102.55000305175781,104.75,41266
2022-03-25,105.75,107.0,103.05000305175781,105.19999694824219,58747
2022-03-28,110.1500015258789,111.0,101.0999984741211,107.80000305175781,74229
2022-03-29,115.44999694824219,115.6500015258789,110.1500015258789,114.25,148068
2022-03-30,120.25,121.19999694824219,115.05000305175781,118.0,192112
2022-03-31,126.25,126.25,118.19999694824219,123.94999694824219,168563
2022-04-01,130.0,132.5500030517578,127.0,131.0,274822
2022-04-04,136.5,136.5,130.0,130.0,161132
2022-04-05,143.3000030517578,143.3000030517578,138.6999969482422,143.3000030517578,293728
2022-04-06,141.9499969482422,149.89999389648438,136.14999389648438,144.9499969482422,335088
2022-04-07,134.89999389648438,146.35000610351562,134.89999389648438,141.9499969482422,184298
2022-04-08,133.60000610351562,137.9499969482422,130.60000610351562,132.60000610351562,105061
2022-04-11,140.25,140.25,134.0,134.89999389648438,33022
2022-04-12,147.25,147.25,142.14999389648438,147.25,253135
2022-04-13,154.60000610351562,154.60000610351562,151.10000610351562,153.39999389648438,119102
2022-04-18,162.3000030517578,162.3000030517578,151.1999969482422,153.0,192337
2022-04-19,156.89999389648438,170.39999389648438,154.1999969482422,170.39999389648438,625893
2022-04-20,149.14999389648438,163.1999969482422,149.10000610351562,157.0,238864
2022-04-21,145.89999389648438,155.85000610351562,144.9499969482422,150.5,154717
2022-04-22,145.0500030517578,151.89999389648438,142.75,145.89999389648438,76638
2022-04-25,152.3000030517578,152.3000030517578,140.35000610351562,141.39999389648438,114905
2022-04-26,159.89999389648438,159.89999389648438,159.89999389648438,159.89999389648438,35424
2022-04-27,167.85000610351562,167.85000610351562,155.10000610351562,167.85000610351562,322835
2022-04-28,169.0500030517578,176.1999969482422,160.0,176.1999969482422,592197
2022-04-29,168.0,177.5,162.64999389648438,170.0,393919
2022-05-02,163.4499969482422,167.89999389648438,161.4499969482422,167.0500030517578,89374
2022-05-04,155.3000030517578,165.4499969482422,155.3000030517578,165.4499969482422,87770
2022-05-05,149.5500030517578,160.0,147.5500030517578,156.0,106570
2022-05-06,144.25,148.8000030517578,142.10000610351562,143.60000610351562,94068
2022-05-09,137.0500030517578,145.75,137.0500030517578,139.10000610351562,118728
2022-05-10,136.6999969482422,143.89999389648438,134.25,135.5500030517578,119815
2022-05-11,131.6999969482422,139.4499969482422,129.89999389648438,135.0,89693
2022-05-12,131.0500030517578,138.0,125.1500015258789,126.69999694824219,112917
2022-05-13,137.60000610351562,137.60000610351562,134.39999389648438,134.39999389648438,44739
2022-05-16,144.4499969482422,144.4499969482422,141.89999389648438,142.6999969482422,79241
2022-05-17,149.0500030517578,151.64999389648438,139.35000610351562,148.0,153847
2022-05-18,147.85000610351562,156.5,145.0500030517578,153.5,150349
2022-05-19,140.6999969482422,148.0,140.5,141.35000610351562,88525
2022-05-20,147.6999969482422,147.6999969482422,144.0,144.0,41009
2022-05-23,142.3000030517578,152.85000610351562,141.14999389648438,150.85000610351562,95295
2022-05-24,136.9499969482422,144.0500030517578,135.1999969482422,142.14999389648438,45017
2022-05-25,140.5500030517578,143.75,138.0,143.75,160895
2022-05-26,134.39999389648438,143.6999969482422,133.5500030517578,143.6999969482422,92851
2022-05-27,135.10000610351562,140.0,132.10000610351562,132.10000610351562,55988
2022-05-30,130.8000030517578,138.0,128.35000610351562,135.1999969482422,61081
2022-05-31,137.3000030517578,137.3000030517578,129.35000610351562,130.0,91552
2022-06-01,134.60000610351562,139.85000610351562,133.39999389648438,139.85000610351562,60802
2022-06-02,133.5500030517578,135.5,131.5,133.89999389648438,36919
2022-06-03,137.4499969482422,140.1999969482422,133.60000610351562,136.85000610351562,162775
2022-06-06,135.75,137.5,132.5,137.39999389648438,31937
2022-06-07,136.0,137.85000610351562,133.64999389648438,134.0,17126
2022-06-08,137.60000610351562,139.39999389648438,131.0,135.0,59040
2022-06-09,136.75,139.5,133.0500030517578,136.6999969482422,48541
2022-06-10,138.35000610351562,142.5,131.85000610351562,136.0,61856
2022-06-13,135.25,139.0,133.14999389648438,139.0,27961
2022-06-14,132.25,138.35000610351562,131.0,135.14999389648438,32994
2022-06-15,132.5,135.89999389648438,131.9499969482422,135.60000610351562,13287
2022-06-16,125.9000015258789,136.5,125.9000015258789,136.35000610351562,38071
2022-06-17,119.6500015258789,124.94999694824219,119.6500015258789,123.0,37753
2022-06-20,113.69999694824219,124.4000015258789,113.69999694824219,124.4000015258789,33172
2022-06-21,118.9000015258789,119.3499984741211,108.6500015258789,110.0,52774
2022-06-22,113.1500015258789,121.75,113.0,115.5999984741211,32406
2022-06-23,115.55000305175781,117.69999694824219,108.8499984741211,113.44999694824219,44767
2022-06-24,120.0,121.30000305175781,114.0,117.5,53099
2022-06-27,123.6500015258789,125.9000015258789,120.0999984741211,125.0,22431
2022-06-28,120.1500015258789,123.6500015258789,117.80000305175781,122.8499984741211,28446
2022-06-29,117.4000015258789,124.4000015258789,116.6500015258789,118.25,44361
2022-06-30,113.4000015258789,121.1500015258789,112.0999984741211,117.80000305175781,42965
2022-07-01,116.30000305175781,117.4000015258789,113.9000015258789,114.9000015258789,10152
2022-07-04,116.30000305175781,119.0,113.0,116.0,13038
2022-07-05,115.94999694824219,119.5999984741211,115.19999694824219,117.94999694824219,21436
2022-07-06,115.94999694824219,118.30000305175781,114.19999694824219,115.94999694824219,19263
2022-07-07,119.4000015258789,120.80000305175781,116.0,118.94999694824219,22942
2022-07-08,120.4000015258789,123.0,118.55000305175781,122.0,20610
2022-07-11,122.94999694824219,124.9000015258789,120.0,123.0,26538
2022-07-12,121.69999694824219,126.44999694824219,121.05000305175781,122.0999984741211,17026
2022-07-13,121.1500015258789,123.30000305175781,119.19999694824219,123.30000305175781,21151
2022-07-14,122.25,127.19999694824219,120.30000305175781,122.94999694824219,32481
2022-07-15,120.5,123.25,119.5999984741211,121.6500015258789,13941
2022-07-18,124.30000305175781,126.5,120.55000305175781,120.55000305175781,37626
2022-07-19,125.5999984741211,129.1999969482422,124.30000305175781,127.9000015258789,43505
2022-07-20,126.4000015258789,131.85000610351562,126.0,128.0,129102
2022-07-21,125.3499984741211,127.94999694824219,124.05000305175781,126.9000015258789,25599
2022-07-22,122.55000305175781,126.5,122.0,125.30000305175781,22238
2022-07-25,124.30000305175781,125.5,119.69999694824219,122.5,28444
2022-07-26,121.75,125.75,120.44999694824219,125.75,31397
2022-07-27,117.94999694824219,122.9000015258789,116.69999694824219,122.9000015258789,47489
2022-07-28,117.80000305175781,120.69999694824219,115.6500015258789,119.6500015258789,18793
2022-07-29,122.4000015258789,123.6500015258789,117.0,119.69999694824219,47927
2022-08-01,128.5,128.5,125.0,127.0,69570
2022-08-02,130.4499969482422,133.25,126.0999984741211,129.5,81604
2022-08-03,127.0999984741211,131.35000610351562,123.94999694824219,130.0,69570
2022-08-04,124.6500015258789,129.8000030517578,121.25,127.9000015258789,27240
2022-08-05,128.8000030517578,129.5,122.8499984741211,124.6500015258789,52896
2022-08-08,125.05000305175781,132.25,122.94999694824219,130.0,111564
2022-08-10,136.1999969482422,137.5500030517578,124.25,127.5,191032
2022-08-11,147.5500030517578,149.8000030517578,124.6500015258789,130.0,504598
2022-08-12,140.1999969482422,150.0,138.35000610351562,150.0,139026
2022-08-16,133.6999969482422,140.64999389648438,132.0,140.0,53410
2022-08-17,133.5500030517578,136.89999389648438,133.0,136.0,69946
2022-08-18,134.75,138.3000030517578,131.39999389648438,135.89999389648438,77808
2022-08-19,139.9499969482422,143.85000610351562,133.39999389648438,135.25,96437
2022-08-22,136.35000610351562,140.64999389648438,135.6999969482422,137.0,34219
2022-08-23,136.4499969482422,139.39999389648438,134.0,135.85000610351562,49366
2022-08-24,136.8000030517578,139.5,134.5,136.60000610351562,23565
2022-08-25,144.89999389648438,146.0,135.1999969482422,135.1999969482422,162748
2022-08-26,142.5500030517578,149.0,142.0,147.5,75467
2022-08-29,134.35000610351562,138.1999969482422,130.0500030517578,130.60000610351562,111951
2022-08-30,136.85000610351562,145.64999389648438,135.1999969482422,135.1999969482422,191109
2022-09-01,141.89999389648438,142.6999969482422,135.10000610351562,135.10000610351562,75673
2022-09-02,137.5,144.75,136.85000610351562,143.89999389648438,105160
2022-09-05,151.0500030517578,151.25,137.25,137.25,318891
2022-09-06,145.60000610351562,154.8000030517578,144.14999389648438,152.8000030517578,155861
2022-09-07,146.39999389648438,148.5,144.0,144.85000610351562,52973
2022-09-08,150.64999389648438,154.4499969482422,146.8000030517578,148.9499969482422,127577
2022-09-09,148.0,154.4499969482422,146.0,150.0500030517578,104036
2022-09-12,150.5500030517578,151.8000030517578,146.5,146.5,121746
2022-09-13,165.35000610351562,165.60000610351562,152.14999389648438,152.75,672937
2022-09-14,164.0,171.89999389648438,160.0,162.6999969482422,344493
2022-09-15,176.0,179.0,161.3000030517578,168.0,458864
2022-09-16,180.0,183.89999389648438,175.8000030517578,179.0,499942
2022-09-19,184.4499969482422,194.85000610351562,181.14999389648438,182.39999389648438,453527
2022-09-20,173.60000610351562,190.6999969482422,168.14999389648438,187.85000610351562,326110
2022-09-21,177.25,182.75,173.0,173.0,160641
2022-09-22,175.5500030517578,181.0,172.89999389648438,176.3000030517578,68366
2022-09-23,172.64999389648438,179.4499969482422,171.89999389648438,177.4499969482422,76104
2022-09-26,165.64999389648438,172.35000610351562,160.10000610351562,168.0,115737
2022-09-27,164.1999969482422,172.0500030517578,162.5,165.64999389648438,47918
2022-09-28,162.4499969482422,169.8000030517578,161.0,164.1999969482422,82163
2022-09-29,166.64999389648438,177.8000030517578,164.25,166.0,91261
2022-09-30,171.89999389648438,174.0,167.9499969482422,169.5,79243
2022-10-03,166.25,171.85000610351562,165.0,171.10000610351562,44862
2022-10-04,171.4499969482422,175.5,167.60000610351562,171.39999389648438,68641
2022-10-06,173.60000610351562,178.89999389648438,172.25,173.0,75738
2022-10-07,176.14999389648438,177.85000610351562,166.25,174.0,96819
2022-10-10,166.64999389648438,184.0,162.60000610351562,175.9499969482422,327274
2022-10-11,163.6999969482422,170.35000610351562,162.0,167.9499969482422,79267
2022-10-12,166.9499969482422,168.5,160.0500030517578,165.25,127953
2022-10-13,164.1999969482422,167.5,163.0,166.9499969482422,56204
2022-10-14,165.25,171.4499969482422,164.1999969482422,168.0,114281
2022-10-17,163.3000030517578,166.8000030517578,162.5,164.85000610351562,31236
2022-10-18,191.89999389648438,194.0,165.5500030517578,166.85000610351562,1326134
2022-10-19,194.39999389648438,202.9499969482422,187.1999969482422,193.39999389648438,842493
2022-10-20,194.5500030517578,199.5,191.10000610351562,194.0,284873
2022-10-21,215.8000030517578,220.75,194.64999389648438,195.60000610351562,1413434
2022-10-24,233.9499969482422,239.0,217.0,218.6999969482422,763840
2022-10-25,234.35000610351562,247.0,220.10000610351562,230.0,824223
2022-10-27,237.6999969482422,241.10000610351562,230.0,234.0,305272
2022-10-28,236.3000030517578,244.8000030517578,235.1999969482422,238.8000030517578,220278
2022-10-31,235.9499969482422,241.0,224.1999969482422,238.89999389648438,214643
2022-11-01,259.3999938964844,259.5,230.9499969482422,235.9499969482422,598033
2022-11-02,285.29998779296875,285.29998779296875,252.5500030517578,260.0,745886
2022-11-03,289.8500061035156,303.70001220703125,276.0,288.0,628774
2022-11-04,318.79998779296875,318.79998779296875,280.1000061035156,287.1000061035156,775772
2022-11-07,334.70001220703125,334.70001220703125,319.6499938964844,325.0,220083
2022-11-09,350.54998779296875,351.3999938964844,320.0,347.95001220703125,1099645
2022-11-10,368.04998779296875,368.04998779296875,355.0,367.0,572991
2022-11-11,349.6499938964844,385.79998779296875,349.6499938964844,385.79998779296875,623821
2022-11-14,367.1000061035156,367.1000061035156,332.20001220703125,332.20001220703125,620703
2022-11-15,373.8999938964844,385.45001220703125,367.5,378.0,587520
2022-11-16,355.25,385.0,355.25,378.0,330251
2022-11-17,337.5,337.5,337.5,337.5,13345
2022-11-18,320.6499938964844,320.6499938964844,320.6499938964844,320.6499938964844,13223
2022-11-21,304.6499938964844,304.6499938964844,304.6499938964844,304.6499938964844,6060
2022-11-22,300.45001220703125,319.8500061035156,289.45001220703125,289.45001220703125,636404
2022-11-23,285.75,308.0,285.45001220703125,297.0,188754
2022-11-24,300.0,300.0,276.1499938964844,281.0,210146
2022-11-25,307.6499938964844,315.0,301.70001220703125,303.0,159410
2022-11-28,323.0,323.0,310.95001220703125,310.95001220703125,136122
2022-11-29,314.04998779296875,335.95001220703125,311.54998779296875,333.0,154827
2022-11-30,302.8999938964844,319.0,298.3500061035156,319.0,166639
2022-12-01,289.3500061035156,304.3500061035156,287.79998779296875,304.3500061035156,92209
2022-12-02,303.1000061035156,303.79998779296875,291.3999938964844,291.8999938964844,61711
2022-12-05,289.75,302.79998779296875,287.95001220703125,302.79998779296875,129928
2022-12-06,284.8500061035156,294.95001220703125,281.0,281.0,57362
2022-12-07,281.6499938964844,288.20001220703125,280.5,287.0,17751
2022-12-08,284.04998779296875,288.0,282.0,283.0,19744
2022-12-09,292.75,298.25,280.29998779296875,280.29998779296875,132809
2022-12-12,292.1499938964844,298.0,279.1000061035156,298.0,66852
2022-12-13,291.3500061035156,298.0,286.29998779296875,293.5,44637
2022-12-14,282.1000061035156,295.8500061035156,281.0,291.3999938964844,51942
2022-12-15,274.6000061035156,287.75,273.20001220703125,283.0,38077
2022-12-16,288.25,288.29998779296875,260.8999938964844,271.1499938964844,139410
2022-12-19,302.6499938964844,302.6499938964844,289.95001220703125,289.95001220703125,55156
2022-12-20,317.75,317.75,317.75,317.75,203029
2022-12-21,303.8999938964844,324.79998779296875,301.8999938964844,324.0,202651
2022-12-22,295.25,306.5,288.75,303.8999938964844,102593
2022-12-23,280.54998779296875,289.8999938964844,280.5,288.04998779296875,46394
2022-12-26,294.54998779296875,294.54998779296875,269.79998779296875,283.3999938964844,74483
2022-12-27,297.54998779296875,308.3999938964844,292.0,299.75,61992
2022-12-28,295.54998779296875,307.1499938964844,293.0,297.6000061035156,28771
2022-12-29,294.29998779296875,305.95001220703125,291.0,296.0,28779
2022-12-30,298.0,307.29998779296875,295.0,307.29998779296875,32847
2023-01-02,297.3999938964844,304.70001220703125,295.0,300.04998779296875,25863
2023-01-03,307.25,312.25,297.04998779296875,297.04998779296875,113880
2023-01-04,301.1000061035156,309.95001220703125,293.3500061035156,305.25,59881
2023-01-05,316.1499938964844,316.1499938964844,300.04998779296875,305.70001220703125,64465
2023-01-06,311.0,331.95001220703125,308.70001220703125,331.95001220703125,181531
2023-01-09,314.1499938964844,319.6499938964844,307.5,318.04998779296875,43730
2023-01-10,306.29998779296875,320.0,305.1000061035156,315.54998779296875,48751
2023-01-11,310.79998779296875,317.8999938964844,303.54998779296875,307.54998779296875,93702
2023-01-12,314.1000061035156,318.0,309.54998779296875,311.95001220703125,55186
2023-01-13,329.79998779296875,329.79998779296875,315.0,319.79998779296875,133727
2023-01-16,346.25,346.25,334.79998779296875,336.0,85210
2023-01-17,345.20001220703125,363.54998779296875,328.95001220703125,363.54998779296875,244930
2023-01-18,349.3999938964844,359.1000061035156,335.20001220703125,349.5,95566
2023-01-19,342.5,354.75,341.5,349.8999938964844,47592
2023-01-20,337.3999938964844,350.8999938964844,335.1000061035156,345.04998779296875,27908
2023-01-23,326.1499938964844,348.95001220703125,323.1000061035156,336.04998779296875,57456
2023-01-24,327.75,331.95001220703125,322.5,331.0,36430
2023-01-25,313.75,332.0,311.3999938964844,327.0,77300
2023-01-27,305.3500061035156,319.8999938964844,298.1000061035156,313.0,58405
2023-01-30,304.04998779296875,308.0,295.04998779296875,304.0,36718
2023-01-31,318.1499938964844,319.25,295.54998779296875,295.54998779296875,69530
2023-02-01,307.1000061035156,327.8999938964844,302.25,323.0,62115
2023-02-02,301.70001220703125,319.8999938964844,296.25,307.20001220703125,53246
2023-02-03,302.1000061035156,312.8999938964844,296.5,312.8999938964844,31892
2023-02-06,309.1499938964844,313.0,300.1000061035156,304.20001220703125,44627
2023-02-07,320.6499938964844,324.6000061035156,305.6000061035156,310.0,54132
2023-02-08,321.6499938964844,328.0,316.0,325.95001220703125,29694
2023-02-09,337.70001220703125,337.70001220703125,313.1000061035156,320.29998779296875,107547
2023-02-10,354.54998779296875,354.54998779296875,332.1499938964844,339.8999938964844,216112
2023-02-13,336.8500061035156,345.04998779296875,336.8500061035156,336.8500061035156,83718
2023-02-14,320.0,320.0,320.0,320.0,24559
2023-02-15,321.25,332.0,304.0,304.0,197225
2023-02-16,321.3999938964844,329.45001220703125,315.20001220703125,324.8999938964844,66980
2023-02-17,321.8500061035156,328.0,315.5,321.3999938964844,52100
2023-02-20,330.04998779296875,337.8999938964844,315.5,316.1499938964844,158240
2023-02-21,321.5,338.45001220703125,317.25,337.6000061035156,69305
2023-02-22,309.29998779296875,329.0,306.75,324.0,88523
2023-02-23,305.25,316.79998779296875,303.1000061035156,310.04998779296875,65409
2023-02-24,304.29998779296875,314.75,301.54998779296875,308.0,55924
2023-02-27,302.25,309.8999938964844,300.0,303.1000061035156,57574
2023-02-28,298.8500061035156,312.75,297.25,305.6000061035156,61549
2023-03-01,301.6000061035156,308.8999938964844,297.0,303.3999938964844,56356
2023-03-02,306.3999938964844,308.75,298.6499938964844,304.75,51886
2023-03-03,311.70001220703125,314.3999938964844,307.0,309.75,36882
2023-03-06,306.8999938964844,318.0,305.79998779296875,313.79998779296875,33416
2023-03-08,310.04998779296875,315.0,301.0,309.79998779296875,44858
2023-03-09,305.3500061035156,321.8999938964844,303.45001220703125,313.0,69256
2023-03-10,302.04998779296875,309.04998779296875,301.29998779296875,305.3500061035156,36419
2023-03-13,292.04998779296875,304.8999938964844,288.20001220703125,297.54998779296875,74292
2023-03-14,280.1499938964844,296.04998779296875,278.29998779296875,289.79998779296875,41825
2023-03-15,279.79998779296875,290.0,275.04998779296875,281.1499938964844,61003
2023-03-16,287.25,289.8999938964844,270.1000061035156,280.79998779296875,60381
2023-03-17,286.25,293.0,284.0,293.0,30262
2023-03-20,280.29998779296875,283.29998779296875,277.3500061035156,283.29998779296875,37094
2023-03-21,285.54998779296875,290.0,278.5,282.8500061035156,41815
2023-03-22,281.1000061035156,289.0,280.0,284.0,41857
2023-03-23,277.8999938964844,281.8999938964844,276.25,281.1000061035156,38099
2023-03-24,273.8500061035156,282.8500061035156,271.3500061035156,280.0,34787
2023-03-27,260.54998779296875,279.8500061035156,260.1499938964844,275.0,49916
2023-03-28,260.3999938964844,264.70001220703125,254.0,260.54998779296875,58282
2023-03-29,261.04998779296875,269.75,248.0500030517578,258.0,139417
2023-03-31,267.5,274.1000061035156,258.04998779296875,262.04998779296875,83261
2023-04-03,280.8500061035156,280.8500061035156,275.0,275.3999938964844,46671
2023-04-05,286.79998779296875,288.5,278.04998779296875,280.8500061035156,82429
2023-04-06,291.8999938964844,295.3999938964844,284.1000061035156,287.0,34877
2023-04-10,306.45001220703125,306.45001220703125,288.20001220703125,292.0,119995
2023-04-11,306.79998779296875,319.3500061035156,303.54998779296875,315.0,118461
2023-04-12,314.29998779296875,322.1000061035156,303.6000061035156,306.0,191647
2023-04-13,307.6000061035156,316.75,305.0,315.3500061035156,46801
2023-04-17,307.8999938964844,311.95001220703125,302.25,307.0,40536
2023-04-18,308.29998779296875,312.70001220703125,305.25,312.70001220703125,37340
2023-04-19,308.70001220703125,313.70001220703125,306.1000061035156,308.0,26365
2023-04-20,300.95001220703125,314.54998779296875,296.04998779296875,309.25,44335
2023-04-21,302.5,306.0,290.6000061035156,300.0,79286
2023-04-24,296.54998779296875,304.95001220703125,295.1000061035156,300.1499938964844,44540
2023-04-25,302.75,311.3500061035156,296.8500061035156,299.79998779296875,65430
2023-04-26,308.6000061035156,312.0,300.04998779296875,304.3500061035156,36261
2023-04-27,304.3500061035156,309.1499938964844,303.1499938964844,308.6499938964844,20712
2023-04-28,304.5,310.70001220703125,302.04998779296875,302.6499938964844,31197
2023-05-02,319.6000061035156,319.70001220703125,301.0,301.0,144939
2023-05-03,335.54998779296875,335.54998779296875,313.5,320.3999938964844,199448
2023-05-04,345.54998779296875,352.29998779296875,325.95001220703125,341.1000061035156,342248
2023-05-05,337.1000061035156,350.45001220703125,336.04998779296875,342.8500061035156,51242
2023-05-08,325.5,345.20001220703125,320.25,339.0,94161
2023-05-09,338.70001220703125,341.70001220703125,318.25,318.25,145220
2023-05-10,333.1499938964844,351.0,330.25,343.70001220703125,74217
2023-05-11,339.3999938964844,342.8999938964844,333.0,336.0,35653
2023-05-12,336.8999938964844,344.1499938964844,329.54998779296875,341.45001220703125,61174
2023-05-15,322.54998779296875,342.0,320.04998779296875,339.3500061035156,133482
2023-05-16,324.8500061035156,328.79998779296875,314.20001220703125,316.75,70326
2023-05-17,333.54998779296875,336.8999938964844,325.0,325.20001220703125,36158
2023-05-18,349.6499938964844,350.20001220703125,332.54998779296875,333.95001220703125,285737
2023-05-19,367.1000061035156,367.1000061035156,345.0,351.3999938964844,197904
2023-05-22,385.45001220703125,385.45001220703125,357.0,373.29998779296875,190011
2023-05-23,378.29998779296875,403.0,373.70001220703125,394.0,144413
2023-05-24,374.1499938964844,387.45001220703125,369.0,378.0,52961
2023-05-25,374.29998779296875,386.95001220703125,363.6000061035156,385.0,77298
2023-05-26,366.54998779296875,389.8999938964844,355.6000061035156,388.95001220703125,117805
2023-05-29,370.29998779296875,376.0,360.04998779296875,360.04998779296875,81304
2023-05-30,359.8500061035156,379.8500061035156,353.6000061035156,373.95001220703125,94397
2023-05-31,358.5,364.70001220703125,346.04998779296875,359.45001220703125,51249
2023-06-01,355.45001220703125,363.5,354.0,358.5,31381
2023-06-02,373.20001220703125,373.20001220703125,358.29998779296875,359.29998779296875,156896
2023-06-05,391.8500061035156,391.8500061035156,367.1499938964844,378.0,169391
2023-06-06,400.04998779296875,411.3999938964844,394.0,397.0,468163
2023-06-07,389.54998779296875,397.75,380.04998779296875,396.04998779296875,102387
2023-06-08,373.3500061035156,392.75,370.1000061035156,392.75,88021
2023-06-09,374.95001220703125,379.3500061035156,370.1499938964844,370.1499938964844,35301
2023-06-12,388.45001220703125,392.5,376.95001220703125,376.95001220703125,68435
2023-06-13,380.04998779296875,397.0,379.0,393.6499938964844,72306
2023-06-14,371.5,378.79998779296875,371.0,371.5,49354
2023-06-15,364.8500061035156,378.8999938964844,357.25,371.0,88344
2023-06-16,383.04998779296875,383.04998779296875,365.95001220703125,368.1499938964844,48512
2023-06-19,402.20001220703125,402.20001220703125,391.3500061035156,400.0,64912
2023-06-20,422.29998779296875,422.29998779296875,405.04998779296875,417.5,100013
2023-06-21,422.6499938964844,443.3999938964844,416.3999938964844,436.0,487528
2023-06-22,411.0,424.0,405.75,419.8500061035156,129426
2023-06-23,431.54998779296875,431.54998779296875,418.54998779296875,431.54998779296875,122644
2023-06-26,453.1000061035156,453.1000061035156,443.0,453.1000061035156,137756
2023-06-27,475.75,475.75,475.75,475.75,52192
2023-06-28,499.5,499.5,499.5,499.5,46830
2023-06-30,482.04998779296875,517.0,474.54998779296875,506.8999938964844,667194
2023-07-03,481.20001220703125,494.0,467.0,467.0,133039
2023-07-04,471.6499938964844,485.0,461.0,485.0,54274
2023-07-05,483.04998779296875,490.0,470.04998779296875,476.0,26495
2023-07-06,470.1000061035156,485.0,468.0,485.0,30773
2023-07-07,455.3500061035156,476.0,447.0,470.1000061035156,38884
2023-07-10,460.45001220703125,478.1000061035156,455.0,455.0,22997
2023-07-11,483.45001220703125,483.45001220703125,465.0,465.0,46860
2023-07-12,507.6000061035156,507.6000061035156,480.25,507.6000061035156,102909
2023-07-13,501.1000061035156,530.0,490.0,505.0,117887
2023-07-14,488.3500061035156,516.9500122070312,479.5,516.9500122070312,40976
2023-07-17,494.0,509.0,466.0,466.0,32082
2023-07-18,485.79998779296875,502.0,480.0,500.0,49122
2023-07-19,487.1499938964844,495.95001220703125,481.0,485.0,27175
2023-07-20,486.6499938964844,494.5,479.5,485.0,18913
2023-07-21,471.75,493.6499938964844,465.1000061035156,480.75,44948
2023-07-24,449.5,477.0,448.20001220703125,466.0,65864
2023-07-25,471.95001220703125,471.95001220703125,441.25,450.0,60938
2023-07-26,467.75,478.0,460.0,478.0,34092
2023-07-27,479.29998779296875,490.75,465.54998779296875,490.75,31220
2023-07-28,464.20001220703125,480.0,455.54998779296875,480.0,16694
2023-07-31,487.3999938964844,487.3999938964844,455.0,464.20001220703125,35799
2023-08-01,475.95001220703125,503.79998779296875,470.0,494.0,44415
2023-08-02,469.5,488.95001220703125,460.0,479.95001220703125,29269
2023-08-03,472.0,482.0,465.0,472.0,23405
2023-08-04,477.6499938964844,487.0,472.04998779296875,472.5,19603
2023-08-07,497.0,501.0,453.79998779296875,456.8500061035156,69296
2023-08-08,521.8499755859375,521.8499755859375,480.0,492.25,89800
2023-08-09,525.9500122070312,547.9000244140625,504.0,547.9000244140625,153363
2023-08-10,520.0499877929688,531.0,508.0,519.9500122070312,34558
2023-08-11,525.8499755859375,542.9500122070312,522.5499877929688,542.9500122070312,43688
2023-08-14,552.0999755859375,552.0999755859375,526.3499755859375,539.9500122070312,57037
2023-08-16,579.7000122070312,579.7000122070312,561.0,577.0,29464
2023-08-17,576.0499877929688,605.0,560.0,579.7000122070312,77522
2023-08-18,554.5999755859375,583.9500122070312,550.0,583.9500122070312,36573
2023-08-21,579.5999755859375,582.2999877929688,536.0,570.0,86906
2023-08-22,551.4500122070312,578.75,550.6500244140625,550.6500244140625,68863
2023-08-23,551.0999755859375,574.0,545.0,565.9000244140625,41114
2023-08-24,542.4500122070312,560.0,541.0,551.0,33761
2023-08-25,536.4500122070312,555.9500122070312,528.0,555.9500122070312,21052
2023-08-28,562.0499877929688,563.25,533.0,536.0,27554
2023-08-29,549.6500244140625,572.9500122070312,540.4500122070312,572.9500122070312,35455
2023-08-30,550.3499755859375,560.0,544.1500244140625,559.9500122070312,26114
2023-08-31,559.0499877929688,573.0,548.0,560.0,40726
2023-09-01,562.5499877929688,585.0,540.4500122070312,567.9500122070312,86398
2023-09-04,557.7000122070312,574.0,554.0,574.0,30856
2023-09-05,562.2999877929688,569.9500122070312,557.75,569.9500122070312,28219
2023-09-06,585.0499877929688,588.0,563.0499877929688,569.0,62031
2023-09-07,581.5499877929688,610.0,561.0,596.9000244140625,33670
2023-09-08,578.1500244140625,597.9500122070312,565.25,589.0,29852
2023-09-11,575.3499755859375,585.0,556.5,584.9500122070312,34184
2023-09-12,548.2000122070312,579.9500122070312,546.5999755859375,579.4500122070312,62924
2023-09-13,540.3499755859375,557.5,522.0999755859375,548.2000122070312,64175
2023-09-14,532.2000122070312,552.0,526.0,549.9500122070312,39128
2023-09-15,538.6500244140625,544.0,527.5999755859375,532.2000122070312,24570
2023-09-18,522.2999877929688,539.0,515.0,534.0,27873
2023-09-20,508.95001220703125,522.8499755859375,500.0,522.2999877929688,33577
2023-09-21,501.54998779296875,526.0,494.0,501.5,57430
2023-09-22,506.8999938964844,509.75,487.25,491.6499938964844,23951
2023-09-25,492.3500061035156,515.0,487.0,500.0,34637
2023-09-26,484.20001220703125,501.95001220703125,479.0,501.0,20448
2023-09-27,496.75,507.95001220703125,469.25,496.3999938964844,42096
2023-09-28,486.54998779296875,500.0,484.6499938964844,498.8999938964844,41724
2023-09-29,510.8500061035156,510.8500061035156,486.54998779296875,487.0,42921
2023-10-03,518.2999877929688,525.0,501.0,515.5,22267
2023-10-04,497.79998779296875,519.9000244140625,494.29998779296875,519.9000244140625,23217
2023-10-05,522.6500244140625,522.6500244140625,522.6500244140625,522.6500244140625,14260
2023-10-06,548.75,548.75,548.75,548.75,27152
2023-10-09,576.1500244140625,576.1500244140625,527.0,548.8499755859375,118585
2023-10-10,556.7999877929688,583.0,551.25,583.0,77404
2023-10-11,551.5,574.4000244140625,550.0999755859375,571.9500122070312,33726
2023-10-12,557.8499755859375,579.0,556.0499877929688,566.5,78657
2023-10-13,545.7999877929688,568.8499755859375,540.4500122070312,568.8499755859375,39132
2023-10-16,549.9000244140625,563.0,540.0,540.0,36877
2023-10-17,543.2999877929688,555.7000122070312,541.2000122070312,553.4500122070312,17723
2023-10-18,535.2000122070312,543.2999877929688,529.9000244140625,543.2999877929688,30555
2023-10-19,524.0999755859375,547.0,522.0,535.2000122070312,54635
2023-10-20,519.0,532.0,517.0499877929688,524.0999755859375,24515
2023-10-23,496.1000061035156,525.0499877929688,494.0,519.0,65327
2023-10-25,496.3500061035156,515.4000244140625,490.0,496.1000061035156,38641
2023-10-26,514.7000122070312,521.1500244140625,472.20001220703125,490.20001220703125,64686
2023-10-27,517.75,534.0,509.04998779296875,519.0,32360
2023-10-30,514.0499877929688,523.9000244140625,511.04998779296875,523.9000244140625,10855
2023-10-31,506.6499938964844,529.0,502.5,529.0,12915
2023-11-01,504.70001220703125,514.0,500.45001220703125,507.0,8915
2023-11-02,516.75,529.9000244140625,504.04998779296875,527.0,65210
2023-11-03,529.5,534.9000244140625,518.2000122070312,522.0,23599
2023-11-06,532.6500244140625,547.4500122070312,523.0,538.0,17119
2023-11-07,528.0,539.4500122070312,525.0,536.0,10386
2023-11-08,526.6500244140625,534.0,524.0,531.0,14210
2023-11-09,517.0499877929688,542.9500122070312,514.1500244140625,533.7999877929688,41122
2023-11-10,540.5499877929688,542.9000244140625,517.0499877929688,517.0499877929688,37231
2023-11-13,574.5499877929688,574.5499877929688,544.0499877929688,555.0499877929688,83935
2023-11-15,572.1500244140625,603.25,565.0,603.25,230183
2023-11-16,561.5499877929688,579.9000244140625,560.0,579.8499755859375,41606
2023-11-17,551.3499755859375,568.8499755859375,544.5499877929688,561.0499877929688,36104
2023-11-20,557.4500122070312,561.0,541.2000122070312,560.9500122070312,42600
2023-11-21,558.4500122070312,565.0499877929688,554.0,565.0,25769
2023-11-22,586.0999755859375,586.3499755859375,559.0499877929688,562.0,157954
2023-11-23,566.0499877929688,608.4000244140625,564.9500122070312,588.0499877929688,92805
2023-11-24,561.0499877929688,576.0,556.5999755859375,565.0,58921
2023-11-28,550.5499877929688,564.5,547.2000122070312,550.0,101907
2023-11-29,549.2999877929688,561.9500122070312,545.4000244140625,552.5999755859375,39600
2023-11-30,544.4000244140625,559.0499877929688,540.7000122070312,556.0,55535
2023-12-01,552.4500122070312,559.0,549.4000244140625,551.0,32865
2023-12-04,550.6500244140625,558.2999877929688,549.0499877929688,555.0,64211
2023-12-05,535.75,555.0,531.1500244140625,550.0,68713
2023-12-06,562.5,562.5,538.0,550.0,78592
2023-12-07,618.75,618.75,564.5,584.9500122070312,452671
2023-12-08,610.5999755859375,650.0,608.0,628.0,275632
2023-12-11,619.5,641.0,606.5999755859375,615.0,116496
2023-12-12,586.25,628.0,580.0,622.0,188197
2023-12-13,579.5,600.0,575.0,589.9500122070312,116482
2023-12-14,594.25,600.6500244140625,578.0,589.9500122070312,86672
2023-12-15,608.8499755859375,615.0,593.9500122070312,600.0,111790
2023-12-18,614.5499877929688,619.9500122070312,602.5499877929688,610.0,61457
2023-12-19,624.7000122070312,642.0,614.5499877929688,618.0,113920
2023-12-20,601.2999877929688,636.9500122070312,587.0499877929688,630.0,138927
2023-12-21,613.6500244140625,623.0,581.1500244140625,587.7000122070312,68391
2023-12-22,675.0,675.0,615.4000244140625,615.4000244140625,491833
2023-12-26,675.4500122070312,691.6500244140625,662.0,690.0499877929688,188441
2023-12-27,666.8499755859375,688.4000244140625,662.0,678.75,100814
2023-12-28,663.9000244140625,690.0,660.0999755859375,668.0,106526
2023-12-29,637.4500122070312,670.0,622.0499877929688,660.0,108329
2024-01-01,663.9500122070312,670.0,642.25,642.25,76072
2024-01-02,679.3499755859375,699.4000244140625,642.0499877929688,670.0,107466
2024-01-03,747.25,747.25,692.5,707.9500122070312,164221
2024-01-04,721.7000122070312,759.8499755859375,710.2999877929688,759.8499755859375,172319
2024-01-05,728.2999877929688,793.75,710.0,718.0,368912
2024-01-08,731.6500244140625,748.0,718.2999877929688,727.7999877929688,106608
2024-01-09,748.2999877929688,765.0,730.0999755859375,735.0,104951
2024-01-10,773.5499877929688,783.9500122070312,745.0,760.0,183504
2024-01-11,809.25,850.0,790.0,800.2000122070312,345396
2024-01-12,799.6500244140625,821.5999755859375,783.0,810.0,118760
2024-01-15,783.2000122070312,807.9500122070312,768.5,807.9000244140625,120549
2024-01-16,792.75,799.0,772.0,787.8499755859375,111590
2024-01-17,803.1500244140625,832.0499877929688,773.0499877929688,792.0,160784
2024-01-18,826.7000122070312,838.9000244140625,775.0499877929688,795.0999755859375,177148
2024-01-19,810.4500122070312,833.0,802.3499755859375,833.0,56866
2024-01-23,804.7000122070312,818.0,792.2000122070312,801.9000244140625,127233
2024-01-24,801.0999755859375,821.2000122070312,795.0,805.0,53267
2024-01-25,798.2000122070312,819.7000122070312,784.6500244140625,805.9000244140625,63827
2024-01-29,799.4000244140625,819.7000122070312,786.0,803.0499877929688,63971
2024-01-30,800.3499755859375,814.7000122070312,797.0,802.0,47452
2024-01-31,798.4500122070312,807.0,793.0,804.0,46703
2024-02-01,794.4500122070312,807.5999755859375,791.25,798.9500122070312,39827
2024-02-02,784.2999877929688,850.0,775.0999755859375,800.0,60365
2024-02-05,770.25,800.9500122070312,760.0,788.2000122070312,46449
2024-02-06,770.9500122070312,790.0,757.5499877929688,770.25,70337
2024-02-07,774.0,796.0,763.5,786.0,71949
2024-02-08,780.4500122070312,802.5999755859375,771.0499877929688,784.9000244140625,50754
2024-02-09,776.75,793.6500244140625,767.0499877929688,780.75,181527
2024-02-12,756.1500244140625,781.7000122070312,741.9000244140625,776.75,96991
2024-02-13,728.1500244140625,763.9000244140625,709.5499877929688,754.6500244140625,93654
2024-02-14,720.4500122070312,737.7999877929688,710.8499755859375,715.0999755859375,37554
2024-02-15,722.6500244140625,751.9500122070312,681.3499755859375,701.0499877929688,128341
2024-02-16,717.25,764.4000244140625,713.6500244140625,733.5,77609
2024-02-19,687.2999877929688,730.0,685.0,720.8499755859375,85994
2024-02-20,697.7999877929688,705.0,691.0,695.0,53170
2024-02-21,683.5,700.8499755859375,673.0,695.0,55581
2024-02-22,675.1500244140625,694.9000244140625,665.0499877929688,683.5,52388
2024-02-23,674.4000244140625,687.9000244140625,670.4000244140625,678.5499877929688,34034
2024-02-26,694.5,734.0,676.0,677.8499755859375,144612
2024-02-27,676.0999755859375,700.3499755859375,671.0,696.4000244140625,72991
2024-02-28,651.5999755859375,679.75,647.4500122070312,676.0999755859375,39905
2024-02-29,639.25,664.0,630.4000244140625,654.9500122070312,80981
2024-03-01,658.6500244140625,664.9500122070312,633.0,633.0,61600
2024-03-04,645.1500244140625,665.9500122070312,640.25,657.4000244140625,38897
2024-03-05,640.5499877929688,650.5499877929688,628.0999755859375,650.0,51710
2024-03-06,627.0,646.75,615.5499877929688,640.0,49940
2024-03-07,619.5999755859375,643.1500244140625,613.0,630.2000122070312,51550
2024-03-11,591.0999755859375,621.4000244140625,586.0999755859375,620.0,74829
2024-03-12,566.0999755859375,591.0,562.5,591.0,133029
2024-03-13,504.79998779296875,573.4500122070312,499.95001220703125,570.0,185746
2024-03-14,536.5,557.0,501.75,503.8500061035156,141803
2024-03-15,561.7000122070312,567.9500122070312,515.0499877929688,536.0499877929688,140321
2024-03-18,577.1500244140625,583.9500122070312,543.75,560.0,87817
2024-03-19,563.25,590.0999755859375,559.9000244140625,572.0,81659
2024-03-20,567.25,587.9500122070312,564.0499877929688,568.0499877929688,82676
2024-03-21,577.5,594.5499877929688,568.25,568.2999877929688,76311
2024-03-22,566.2999877929688,584.2000122070312,563.5,577.5,67780
2024-03-26,544.5499877929688,571.7000122070312,536.5999755859375,566.0,61228
2024-03-27,546.0999755859375,562.4500122070312,541.0,550.0,96983
2024-03-28,553.1500244140625,567.0,547.0,547.0,79999
2024-04-01,622.8499755859375,663.75,555.0,555.0,491851
2024-04-02,635.4000244140625,644.1500244140625,619.5999755859375,628.1500244140625,96559
2024-04-03,634.1500244140625,644.4000244140625,628.2000122070312,631.5999755859375,94973
2024-04-04,633.9000244140625,652.0,626.5499877929688,635.0999755859375,38743
2024-04-05,641.5499877929688,648.25,628.5,635.0,71299
2024-04-08,629.7999877929688,646.9000244140625,628.0,640.0,51849
2024-04-09,615.4000244140625,643.5,612.0,635.0,64916
2024-04-10,613.2000122070312,624.9000244140625,601.9500122070312,618.5499877929688,58514
2024-04-12,606.3499755859375,624.6500244140625,605.0,616.3499755859375,46280
2024-04-15,594.6500244140625,605.2000122070312,573.5499877929688,600.25,45089
2024-04-16,624.2000122070312,629.9000244140625,589.1500244140625,593.7999877929688,51643
2024-04-18,624.7999877929688,655.0,619.0,625.0,95746
2024-04-19,613.5499877929688,620.0,600.7000122070312,618.5499877929688,33836
2024-04-22,624.8499755859375,631.9000244140625,612.9500122070312,615.0,39034
2024-04-23,624.3499755859375,633.25,619.9500122070312,626.5,36711
2024-04-24,620.4500122070312,641.4500122070312,618.7999877929688,629.4500122070312,61244
2024-04-25,626.1500244140625,649.75,619.0,620.4500122070312,58071
2024-04-26,635.9500122070312,652.9500122070312,627.9500122070312,628.7999877929688,96892
2024-04-29,655.5499877929688,660.0,636.2999877929688,638.5,161413
2024-04-30,634.9500122070312,684.8499755859375,631.0,662.1500244140625,115869
2024-05-02,661.7999877929688,666.0,640.0,640.3499755859375,58782
2024-05-03,661.5999755859375,674.9500122070312,650.0999755859375,669.0,72614
2024-05-06,641.2999877929688,668.5,638.0,666.0,65020
2024-05-07,617.3499755859375,646.9500122070312,609.25,641.2999877929688,56604
2024-05-08,622.8499755859375,636.4000244140625,604.3499755859375,617.0,61147
2024-05-09,598.5999755859375,633.25,589.2000122070312,627.25,39530
2024-05-10,612.25,620.0,598.0,598.0,28347
2024-05-13,585.2000122070312,619.8499755859375,575.0999755859375,613.7999877929688,65668
2024-05-14,594.25,604.0,590.9500122070312,590.9500122070312,33351
2024-05-15,608.5499877929688,619.9500122070312,600.2000122070312,600.2000122070312,37889
2024-05-16,603.75,620.0,599.5499877929688,610.0499877929688,36976
2024-05-17,602.1500244140625,615.0,599.0,607.0999755859375,38743
2024-05-21,539.8499755859375,605.0,537.4500122070312,605.0,415034
2024-05-22,505.04998779296875,545.0,501.0,539.8499755859375,333803
2024-05-23,520.7000122070312,530.0,507.0,507.0,493910
2024-05-24,511.70001220703125,525.6500244140625,509.0,525.6500244140625,179131
2024-05-27,506.1499938964844,527.7000122070312,502.54998779296875,527.7000122070312,366689
2024-05-28,512.1500244140625,538.8499755859375,507.1499938964844,517.0,316054
2024-05-29,502.20001220703125,518.75,499.3999938964844,510.0,168474
2024-05-30,487.1499938964844,508.79998779296875,484.20001220703125,504.45001220703125,109390
2024-05-31,476.3999938964844,494.3999938964844,474.20001220703125,491.95001220703125,132731
2024-06-03,500.5,530.0,495.0,514.0,467659
2024-06-04,450.04998779296875,508.0,440.45001220703125,504.5,335751
2024-06-05,458.0,476.20001220703125,432.54998779296875,476.20001220703125,328755
2024-06-06,467.1499938964844,494.54998779296875,463.79998779296875,465.29998779296875,172987
2024-06-07,478.6499938964844,484.5,463.54998779296875,470.3999938964844,164617
2024-06-10,496.6000061035156,534.0,489.0,489.0,567173
2024-06-11,495.3999938964844,510.0,485.75,508.5,353038
2024-06-12,478.8999938964844,504.29998779296875,477.0,498.0,351033
2024-06-13,479.1499938964844,496.20001220703125,475.04998779296875,484.95001220703125,287369
2024-06-14,527.3499755859375,538.9000244140625,479.45001220703125,480.0,1009269
2024-06-18,617.5499877929688,626.0,532.0,533.4000244140625,2288823
2024-06-19,599.5,622.7000122070312,582.2000122070312,622.2000122070312,895314
2024-06-20,582.3499755859375,606.9500122070312,574.7999877929688,599.9000244140625,289796
2024-06-21,575.5,593.75,573.3499755859375,585.4500122070312,331407
2024-06-24,567.4500122070312,583.9500122070312,557.5,573.0499877929688,275970
2024-06-25,554.5499877929688,580.0,549.0499877929688,569.9500122070312,255580
2024-06-26,549.2999877929688,575.7000122070312,546.0,556.0,372130
2024-06-27,530.2000122070312,553.75,525.0,550.9500122070312,328506
2024-06-28,523.25,538.2000122070312,519.0499877929688,533.8499755859375,222442
2024-07-01,596.0,605.0,518.0499877929688,525.75,800918
2024-07-02,581.0499877929688,603.4500122070312,565.5,598.7999877929688,282505
2024-07-03,594.25,599.0499877929688,581.9500122070312,581.9500122070312,208255
2024-07-04,584.7999877929688,599.6500244140625,580.7000122070312,596.6500244140625,208563
2024-07-05,611.9500122070312,632.0,576.9500122070312,584.7999877929688,655106
2024-07-08,615.4000244140625,631.5499877929688,610.0499877929688,615.75,403247
2024-07-09,592.3499755859375,621.7000122070312,586.9000244140625,616.0,292029
2024-07-10,571.0999755859375,598.5,556.0499877929688,593.0,300111
2024-07-11,582.3499755859375,593.0999755859375,574.25,574.25,198817
2024-07-12,576.7999877929688,602.75,574.0,584.9000244140625,222312
2024-07-15,580.3499755859375,590.9000244140625,566.75,579.9000244140625,149176
2024-07-16,581.9500122070312,593.0,578.0,584.0,166541
2024-07-18,559.2999877929688,585.9000244140625,557.2000122070312,585.0,171110
2024-07-19,534.9500122070312,563.9000244140625,532.0,559.9000244140625,230101
2024-07-22,549.2999877929688,559.9500122070312,524.75,535.0,161218
2024-07-23,559.9500122070312,568.9000244140625,521.0,550.0,265621
2024-07-24,569.6500244140625,577.2000122070312,554.0499877929688,556.0,168497
2024-07-25,570.0999755859375,576.7999877929688,560.7999877929688,564.9500122070312,85316
2024-07-26,571.4500122070312,578.0,565.0,571.9500122070312,75538
2024-07-29,562.7999877929688,575.0499877929688,559.25,572.0,82665
2024-07-30,583.25,595.0,560.5499877929688,561.0,176200
2024-07-31,563.3499755859375,587.4500122070312,560.5499877929688,587.4500122070312,127159
2024-08-01,561.9500122070312,573.75,558.9000244140625,565.0999755859375,107263
2024-08-02,553.75,561.4500122070312,548.0,549.0,63150
2024-08-05,505.3500061035156,545.0999755859375,501.79998779296875,530.0499877929688,378152
2024-08-06,508.3500061035156,554.9500122070312,502.5,505.0,1232044
2024-08-07,541.7999877929688,546.0,521.0,530.9500122070312,300485
2024-08-08,522.6500244140625,544.5999755859375,513.5,540.9500122070312,351174
2024-08-09,530.0999755859375,537.9500122070312,523.7000122070312,529.0,184384
2024-08-12,524.8499755859375,540.5,520.3499755859375,525.0,178333
2024-08-13,517.7999877929688,532.25,515.9000244140625,528.0499877929688,115900
2024-08-14,505.5,528.8499755859375,504.25,520.0,166189
2024-08-16,510.8500061035156,524.6500244140625,508.0,510.95001220703125,126610
2024-08-19,542.5999755859375,546.0,515.7999877929688,515.7999877929688,301109
2024-08-20,552.1500244140625,576.7999877929688,537.0,540.9500122070312,544978
2024-08-21,562.9000244140625,569.3499755859375,548.5999755859375,555.1500244140625,306899
2024-08-22,587.8499755859375,590.7999877929688,562.0,562.9000244140625,515647
2024-08-23,611.5,615.0,597.25,605.0,521032
2024-08-26,643.5,648.0,618.25,619.0,671755
2024-08-27,646.6500244140625,658.0,632.8499755859375,649.0,331086
2024-08-28,624.4500122070312,665.0,622.3499755859375,654.9000244140625,380544
2024-08-29,646.8499755859375,651.0,619.25,621.0,296509
2024-08-30,644.7000122070312,673.4500122070312,640.0,654.0,355007
2024-09-02,662.0999755859375,665.0,631.1500244140625,644.7999877929688,313641
2024-09-03,586.25,648.0,575.5999755859375,641.0,1169294
2024-09-04,571.1500244140625,602.8499755859375,568.5,586.7999877929688,421638
2024-09-05,578.1500244140625,589.7999877929688,573.0499877929688,576.4500122070312,192247
2024-09-06,569.0999755859375,580.6500244140625,565.5999755859375,578.1500244140625,100492
2024-09-09,552.0,566.7999877929688,543.0999755859375,566.7999877929688,164282
2024-09-10,552.0499877929688,562.4000244140625,551.0,556.2999877929688,98620
2024-09-11,536.3499755859375,557.25,534.0,554.2000122070312,151466
2024-09-12,554.0999755859375,561.0,540.0499877929688,540.9000244140625,198912
2024-09-13,557.7999877929688,569.7999877929688,555.0,560.0,128729
2024-09-16,559.7999877929688,573.0,555.0999755859375,565.0,123358
2024-09-17,550.2000122070312,564.9500122070312,547.9000244140625,564.9500122070312,84122
2024-09-18,540.4500122070312,551.9500122070312,539.75,550.6500244140625,65989
2024-09-19,533.4000244140625,549.9500122070312,525.75,549.9500122070312,146528
2024-09-20,559.0999755859375,568.4000244140625,533.4500122070312,539.9500122070312,272450
2024-09-23,581.7999877929688,596.75,560.5,566.0499877929688,422345
2024-09-24,581.5499877929688,596.0,574.3499755859375,582.0,195289
2024-09-25,582.1500244140625,594.3499755859375,580.2999877929688,583.0,194525
2024-09-26,589.3499755859375,594.0,570.7000122070312,584.4000244140625,152743
2024-09-27,582.4500122070312,605.0,576.2000122070312,591.0,172787
2024-09-30,596.7999877929688,599.9000244140625,574.0999755859375,582.4500122070312,232846
2024-10-01,581.5499877929688,605.0,579.1500244140625,598.9500122070312,122737
2024-10-03,559.2000122070312,580.0,555.0,580.0,124287
2024-10-04,556.3499755859375,572.0,550.0,560.9500122070312,77690
2024-10-07,524.25,561.7999877929688,515.3499755859375,555.0,177744
2024-10-08,522.1500244140625,533.4500122070312,515.5999755859375,526.4000244140625,168669
2024-10-09,532.7000122070312,540.5,520.0,525.25,158352
2024-10-10,523.1500244140625,539.75,519.8499755859375,534.8499755859375,148984
2024-10-11,521.8499755859375,533.5,516.4000244140625,530.0,122974
2024-10-14,528.9000244140625,536.3499755859375,521.0,529.8499755859375,97218
2024-10-15,533.1500244140625,536.7999877929688,520.0,526.0,81346
2024-10-16,529.75,534.2999877929688,524.4000244140625,529.5999755859375,38686
2024-10-17,521.8499755859375,535.0,519.1500244140625,535.0,61088
2024-10-18,520.2999877929688,525.4500122070312,507.6499938964844,520.25,61400
2024-10-21,510.29998779296875,525.5,507.1000061035156,521.9000244140625,51717
2024-10-22,479.70001220703125,515.5999755859375,474.0,515.0,217970
2024-10-23,486.6499938964844,518.7999877929688,473.04998779296875,479.70001220703125,209928
2024-10-24,489.70001220703125,499.04998779296875,484.0,488.6499938964844,57937
2024-10-25,487.95001220703125,494.20001220703125,469.25,489.0,80484
2024-10-28,492.75,497.8999938964844,485.0,485.0,42474
2024-10-29,485.1499938964844,499.45001220703125,482.75,494.0,42754
2024-10-30,492.8500061035156,501.0,485.45001220703125,486.29998779296875,53101
2024-10-31,497.25,501.6000061035156,490.0,492.79998779296875,31544
2024-11-01,498.75,504.8500061035156,487.25,499.1000061035156,24580
2024-11-04,498.3500061035156,510.5,491.5,507.0,89435
2024-11-05,509.25,515.0,496.0,500.75,79050
2024-11-06,518.5499877929688,524.5,503.3999938964844,503.3999938964844,87241
2024-11-07,516.8499755859375,529.0,514.25,521.9500122070312,61332
2024-11-08,519.4500122070312,528.0,506.04998779296875,515.0,53352
2024-11-11,493.25,511.95001220703125,490.8999938964844,511.70001220703125,85622
2024-11-12,494.5,507.75,493.0,495.5,32399
2024-11-13,452.3500061035156,486.0,445.0,468.0,193345
2024-11-14,509.1000061035156,518.9000244140625,455.0,459.0,454789
2024-11-18,483.3999938964844,511.20001220703125,481.04998779296875,509.5,132048
2024-11-19,476.29998779296875,497.45001220703125,473.8999938964844,482.5,120071
2024-11-21,451.54998779296875,484.6499938964844,449.1000061035156,476.29998779296875,171794
2024-11-22,454.1000061035156,462.3999938964844,448.04998779296875,457.6499938964844,104320
2024-11-25,449.1000061035156,468.29998779296875,435.6000061035156,459.75,266504
2024-11-26,430.20001220703125,457.3999938964844,420.8999938964844,450.45001220703125,371755
2024-11-27,445.25,452.45001220703125,431.1000061035156,431.1000061035156,157465
2024-11-28,445.8999938964844,453.29998779296875,436.0,448.04998779296875,141176
2024-11-29,442.79998779296875,451.5,440.8999938964844,447.6000061035156,74101
2024-12-02,466.45001220703125,495.8999938964844,438.5,443.79998779296875,598869
2024-12-03,500.1000061035156,512.0,469.0,469.0,585420
2024-12-04,490.79998779296875,504.8999938964844,482.29998779296875,500.1499938964844,145802
2024-12-05,506.1000061035156,510.1499938964844,485.0,490.79998779296875,162991
2024-12-06,549.5999755859375,579.0,515.0,515.0,1875487
2024-12-09,576.5,580.0,556.2999877929688,569.0,493102
2024-12-10,563.25,582.7999877929688,559.7000122070312,579.0499877929688,218629
2024-12-11,561.4500122070312,569.5,555.5499877929688,564.9000244140625,118550
2024-12-12,567.0499877929688,587.4000244140625,555.5999755859375,562.3499755859375,238789
2024-12-13,566.4500122070312,571.0,548.0499877929688,566.8499755859375,159672
2024-12-16,568.4000244140625,579.2999877929688,565.5499877929688,575.0,102086
2024-12-17,594.4500122070312,596.7999877929688,565.8499755859375,571.7999877929688,407689
2024-12-18,593.5,602.0,587.0,599.0,378213
2024-12-19,592.5999755859375,594.9000244140625,578.0,581.0,224838
2024-12-20,585.7999877929688,622.0,580.0,595.5999755859375,401847
2024-12-23,588.5999755859375,597.0,577.0,585.7999877929688,202994
2024-12-24,628.0,637.5,583.0499877929688,594.0,419894
2024-12-26,633.4500122070312,654.4500122070312,624.0499877929688,645.0499877929688,493340
2024-12-27,641.7999877929688,658.7999877929688,611.7999877929688,632.7000122070312,460899
2024-12-30,639.9000244140625,655.2000122070312,630.8499755859375,640.4500122070312,205364
2024-12-31,633.9500122070312,640.0,607.9000244140625,634.0,55511
2025-01-01,665.5999755859375,665.5999755859375,621.0,630.0,124324
2025-01-02,698.8499755859375,698.8499755859375,698.8499755859375,698.8499755859375,64125
2025-01-03,733.75,733.75,733.75,733.75,94288
2025-01-06,721.8499755859375,740.0,697.2000122070312,740.0,328583
2025-01-07,755.6500244140625,757.0,710.0,724.0,135581
2025-01-08,770.6500244140625,774.0,732.0,756.0,124211
2025-01-09,809.1500244140625,809.1500244140625,750.5,769.0,111084
2025-01-10,776.5499877929688,839.0,768.7000122070312,839.0,188680
2025-01-13,737.75,770.1500244140625,737.75,770.1500244140625,135206
2025-01-14,706.3499755859375,732.0,700.9000244140625,700.9000244140625,195368
2025-01-15,708.75,720.0,686.0999755859375,708.9500122070312,76482
2025-01-16,744.1500244140625,744.1500244140625,710.0,729.9500122070312,43270
2025-01-17,742.9000244140625,781.3499755859375,728.0499877929688,736.0,133970
2025-01-20,768.4500122070312,780.0,732.0,740.5,62351
2025-01-21,776.0999755859375,806.0,752.2000122070312,770.0,81336
2025-01-22,737.2999877929688,798.0,737.2999877929688,797.0,102516
2025-01-23,734.1500244140625,774.0,711.0,737.0,72242
2025-01-24,697.4500122070312,751.4500122070312,697.4500122070312,747.9500122070312,51663
2025-01-27,663.1500244140625,700.0,662.5999755859375,690.0,70950
2025-01-28,666.5999755859375,696.2999877929688,630.0,663.1500244140625,72671
2025-01-29,667.0499877929688,697.0,656.0,679.8499755859375,70050
2025-01-30,649.2999877929688,680.0,640.0,679.9000244140625,47362
2025-01-31,677.7999877929688,681.75,640.0,649.0,49889
2025-02-01,711.6500244140625,711.6500244140625,701.0999755859375,711.6500244140625,148757
2025-02-03,747.2000122070312,747.2000122070312,715.0,725.0,114535
2025-02-04,784.5499877929688,784.5499877929688,762.0,784.5499877929688,168089
2025-02-05,768.2999877929688,818.7000122070312,751.7999877929688,784.0,127916
2025-02-06,760.0,789.0,750.0499877929688,772.0999755859375,74849
2025-02-07,753.3499755859375,767.0,726.6500244140625,761.0,169348
2025-02-10,732.25,791.0,726.0,759.8499755859375,335646
2025-02-11,695.6500244140625,749.0,695.6500244140625,732.25,117237
2025-02-12,719.0999755859375,730.4000244140625,661.9000244140625,694.7999877929688,197566
2025-02-13,751.7999877929688,755.0499877929688,730.0,735.7000122070312,108396
2025-02-14,721.25,751.0,714.25,751.0,63688
2025-02-17,685.2000122070312,718.0,685.2000122070312,715.0,60818
2025-02-18,711.25,719.4500122070312,685.2000122070312,719.4500122070312,212427
2025-02-19,745.1500244140625,746.7999877929688,687.0,709.9000244140625,110592
2025-02-20,760.0499877929688,777.0,725.0,734.0,98843
2025-02-21,756.6500244140625,769.9000244140625,730.0,740.3499755859375,49023
2025-02-24,738.6500244140625,748.9500122070312,720.0499877929688,748.9500122070312,46059
2025-02-25,719.5,748.0,711.5,738.7000122070312,38914
2025-02-27,705.5,739.4500122070312,698.5,729.0,40512
2025-02-28,712.9500122070312,740.0,670.25,706.0,98161
2025-03-03,692.2000122070312,734.9500122070312,677.3499755859375,720.7999877929688,50684
2025-03-04,708.2000122070312,726.7999877929688,663.0,685.4000244140625,55324
2025-03-05,742.9000244140625,743.5999755859375,702.0499877929688,717.0,155857
2025-03-06,780.0,780.0,739.0,739.2999877929688,247187
2025-03-07,819.0,819.0,772.0499877929688,794.0,182406
2025-03-10,859.9500122070312,859.9500122070312,829.0,829.0,276527
2025-03-11,891.9000244140625,902.9000244140625,859.9500122070312,859.9500122070312,267165
2025-03-12,854.0,898.75,847.2999877929688,890.0,132052
2025-03-13,830.1500244140625,849.0,820.0,835.0499877929688,68871
2025-03-17,871.6500244140625,871.6500244140625,831.0,831.0,84778
2025-03-18,871.6500244140625,871.6500244140625,871.6500244140625,871.6500244140625,0
2025-03-19,922.5999755859375,959.9500122070312,876.75,937.0,214740
2025-03-20,917.5499877929688,950.0499877929688,889.0,929.0,67373
2025-03-21,963.4000244140625,963.4000244140625,934.1500244140625,949.0,133418
2025-03-24,917.4500122070312,975.0499877929688,915.25,960.0,124619
2025-03-25,918.0499877929688,957.5,872.5999755859375,900.0,106485
2025-03-26,891.1500244140625,939.9000244140625,882.75,939.9000244140625,37697
2025-03-27,898.0,914.7999877929688,863.0,890.0,69796
2025-03-28,892.2999877929688,918.0,875.0,891.0,57164
2025-04-01,881.5,920.0,856.75,895.0,44334
2025-04-02,882.2000122070312,909.4000244140625,865.0,902.0,51297
2025-04-03,926.2999877929688,926.2999877929688,865.0999755859375,865.0999755859375,186761
2025-04-04,880.0,938.5,880.0,922.0,141587
2025-04-07,836.0,836.0,836.0,836.0,14051
2025-04-08,794.2000122070312,836.0,794.2000122070312,821.0,139259
2025-04-09,754.5,780.0,754.5,754.5,48973
2025-04-11,792.2000122070312,792.2000122070312,720.0,792.2000122070312,114528
2025-04-15,831.7999877929688,831.7999877929688,801.0,808.7000122070312,105745
2025-04-16,869.3499755859375,873.3499755859375,820.0,834.0,64449
2025-04-17,849.7000122070312,880.0,826.7999877929688,865.9500122070312,35659
2025-04-21,868.8499755859375,880.0,838.0,856.0,34115
2025-04-22,854.7000122070312,895.0,845.0,877.0,34488
2025-04-23,823.1500244140625,868.0,812.0,868.0,99102
2025-04-24,841.25,864.2999877929688,807.9500122070312,818.5499877929688,89293
2025-04-25,808.7000122070312,841.0,799.2000122070312,833.0499877929688,99963
2025-04-28,807.0,826.5499877929688,800.0499877929688,802.5,30864
2025-04-29,836.8499755859375,847.3499755859375,807.0499877929688,820.0,65450
2025-04-30,809.25,849.7000122070312,806.5,833.9500122070312,64741
2025-05-02,794.0,823.0,792.0,818.9000244140625,34187
2025-05-05,808.1500244140625,819.9500122070312,798.0,803.7999877929688,33300
2025-05-06,768.2000122070312,814.0,767.75,814.0,48530
2025-05-07,793.75,805.0,735.0499877929688,749.4000244140625,69479
2025-05-08,771.0,814.7999877929688,761.0999755859375,790.0,48885
2025-05-09,768.7999877929688,798.9000244140625,741.2000122070312,741.2000122070312,92914
2025-05-12,807.2000122070312,807.2000122070312,801.0,807.0999755859375,32119
2025-05-13,847.5,847.5499877929688,822.5999755859375,844.0,79633
2025-05-14,889.8499755859375,889.8499755859375,855.1500244140625,888.9000244140625,65784
2025-05-15,934.2999877929688,934.2999877929688,889.8499755859375,907.0,223614
2025-05-16,933.2000122070312,981.0,915.0,937.0,122995
2025-05-19,979.8499755859375,979.8499755859375,911.0,934.2999877929688,157941
2025-05-20,937.9500122070312,1014.0,935.0,984.4000244140625,72400
2025-05-21,968.25,974.4000244140625,930.5,937.0,79362
2025-05-22,1016.6500244140625,1016.6500244140625,951.0,957.0,205665
2025-05-23,996.2000122070312,1026.75,985.0,1016.5499877929688,167136
2025-05-26,962.0999755859375,991.0,946.4000244140625,975.0,179434
2025-05-27,946.8499755859375,1009.9000244140625,939.0,962.0999755859375,286585
2025-05-28,994.1500244140625,994.1500244140625,945.7000122070312,946.2000122070312,378560
2025-05-29,1043.4000244140625,1043.8499755859375,1028.0,1043.8499755859375,388853
2025-05-30,1041.75,1089.0,1015.0,1051.0,151281
2025-06-02,1093.800048828125,1093.800048828125,1039.9000244140625,1040.0,248362
2025-06-03,1103.5999755859375,1148.4000244140625,1093.800048828125,1144.0,251719
2025-06-04,1077.199951171875,1117.4000244140625,1063.199951171875,1083.0999755859375,178198
2025-06-05,1131.0,1131.0,1080.0,1080.0,80607
2025-06-06,1094.300048828125,1164.300048828125,1084.800048828125,1144.0,114141
2025-06-09,1087.5999755859375,1119.0,1067.0,1094.300048828125,73915
2025-06-10,1124.0,1138.9000244140625,1084.800048828125,1100.0,64275
2025-06-11,1165.4000244140625,1180.199951171875,1090.0,1126.0,322028
2025-06-12,1137.5,1163.699951171875,1112.800048828125,1150.0,104171
2025-06-13,1159.4000244140625,1179.0,1080.699951171875,1085.800048828125,125927
2025-06-16,1217.300048828125,1217.300048828125,1130.0,1169.0,121182
2025-06-17,1278.0999755859375,1278.0999755859375,1278.0999755859375,1278.0999755859375,43892
2025-06-18,1342.0,1342.0,1342.0,1342.0,13444
2025-06-19,1409.0999755859375,1409.0999755859375,1295.0,1400.0,380648
2025-06-20,1402.5,1469.0,1380.0,1415.5,140892
2025-06-23,1414.5999755859375,1455.5,1336.699951171875,1402.5,154598
2025-06-24,1365.800048828125,1443.0,1345.5999755859375,1443.0,106061
2025-06-25,1324.199951171875,1378.800048828125,1312.5999755859375,1347.0,158826
2025-06-26,1359.699951171875,1370.0,1310.0,1324.0,69402
2025-06-27,1426.300048828125,1427.5999755859375,1358.0,1380.0,123644
2025-06-30,1480.9000244140625,1497.5999755859375,1440.0,1440.0,244076
2025-07-01,1443.199951171875,1477.0,1430.0,1470.0,69634
2025-07-02,1424.699951171875,1489.0,1414.0,1460.0,91792
2025-07-03,1370.5,1426.0,1362.0,1424.699951171875,146345
2025-07-04,1434.800048828125,1439.0,1365.0,1384.0,81899
2025-07-07,1467.0,1506.5,1426.0,1426.0,146815
2025-07-08,1448.4000244140625,1487.0,1415.0,1483.0,67354
2025-07-09,1465.199951171875,1490.0,1441.699951171875,1450.0,61018
2025-07-10,1443.0,1494.9000244140625,1427.0,1494.0,53694
2025-07-11,1436.199951171875,1454.9000244140625,1420.0,1421.0,55195
2025-07-14,1396.9000244140625,1433.4000244140625,1375.5,1433.4000244140625,64453
2025-07-15,1386.800048828125,1433.4000244140625,1370.0,1380.0,53637
2025-07-16,1366.0,1399.9000244140625,1352.5999755859375,1386.800048828125,60106
2025-07-17,1346.4000244140625,1384.5999755859375,1339.0,1366.0,39790
2025-07-18,1345.4000244140625,1378.0,1330.0,1346.4000244140625,38634
2025-07-21,1363.0,1374.5999755859375,1300.0,1350.0,70824
2025-07-22,1374.4000244140625,1384.699951171875,1335.0,1368.9000244140625,30429
2025-07-23,1443.0999755859375,1443.0999755859375,1340.0,1375.0,147092
2025-07-24,1393.199951171875,1480.0,1381.5,1455.0,87717
2025-07-25,1369.9000244140625,1418.800048828125,1360.199951171875,1381.0,61086
2025-07-28,1301.4000244140625,1365.0,1301.4000244140625,1361.0,84050
2025-07-29,1237.699951171875,1290.0,1236.4000244140625,1252.0,169322
2025-07-30,1299.5,1299.5,1280.0,1299.0,100355
2025-07-31,1325.4000244140625,1348.0,1300.0,1315.0,109621
2025-08-01,1280.699951171875,1337.699951171875,1272.5,1337.699951171875,51275
2025-08-04,1283.4000244140625,1336.0,1275.0,1329.300048828125,54741
2025-08-05,1344.9000244140625,1347.5,1283.5,1283.5,89430
2025-08-06,1386.0,1396.9000244140625,1288.199951171875,1369.5,176419
2025-08-07,1363.199951171875,1379.0,1316.699951171875,1379.0,89428
2025-08-08,1295.0999755859375,1332.0,1295.0999755859375,1330.0,141172
2025-08-11,1238.4000244140625,1288.9000244140625,1230.4000244140625,1269.0,93925
2025-08-12,1209.300048828125,1255.0,1195.0,1238.0,43453
2025-08-13,1224.0,1250.0,1206.0,1209.300048828125,71397
2025-08-14,1210.800048828125,1249.0,1195.0,1224.0,44726
2025-08-18,1197.800048828125,1260.5,1180.0,1233.4000244140625,44013
2025-08-19,1187.4000244140625,1227.0,1138.0,1150.0,247528
2025-08-20,1178.199951171875,1198.0,1146.9000244140625,1179.699951171875,91150
2025-08-21,1193.300048828125,1230.0,1166.800048828125,1178.0,77453
2025-08-22,1215.699951171875,1228.9000244140625,1167.0,1185.0,82861
2025-08-25,1276.4000244140625,1276.4000244140625,1201.5,1207.0,122074
2025-08-26,1266.9000244140625,1290.0,1228.9000244140625,1276.4000244140625,66891
2025-08-28,1279.4000244140625,1318.0,1240.0,1287.0,73367
2025-08-29,1245.800048828125,1304.5,1235.0,1282.800048828125,35231
2025-09-01,1274.0,1300.0,1235.0,1245.800048828125,50708
2025-09-02,1337.699951171875,1337.699951171875,1290.0,1319.0,85218
2025-09-03,1368.800048828125,1384.5,1331.0,1336.0,107881
2025-09-04,1374.699951171875,1437.199951171875,1350.0,1437.199951171875,73079
2025-09-05,1436.800048828125,1443.4000244140625,1351.0999755859375,1380.0999755859375,83505
2025-09-08,1508.5999755859375,1508.5999755859375,1452.800048828125,1466.0,177556
2025-09-09,1474.9000244140625,1579.5,1452.5,1509.0999755859375,198226
2025-09-10,1548.199951171875,1548.5999755859375,1471.5999755859375,1480.0999755859375,211968
2025-09-11,1522.199951171875,1569.9000244140625,1506.5,1538.9000244140625,74483
2025-09-12,1578.9000244140625,1593.0,1515.699951171875,1542.0,144491
2025-09-15,1602.4000244140625,1635.9000244140625,1579.0,1600.0,218039
2025-09-16,1682.5,1682.5,1628.0,1629.0,308153
2025-09-17,1687.699951171875,1740.0,1656.5999755859375,1713.199951171875,206818
2025-09-18,1676.4000244140625,1725.0,1645.199951171875,1720.0,134485
2025-09-19,1683.800048828125,1750.0,1671.199951171875,1671.199951171875,186994
2025-09-22,1764.4000244140625,1767.9000244140625,1669.9000244140625,1708.800048828125,275514
2025-09-23,1684.199951171875,1779.199951171875,1676.199951171875,1773.300048828125,191000
2025-09-24,1683.199951171875,1719.0,1617.9000244140625,1680.0999755859375,164970
2025-09-25,1673.5999755859375,1714.800048828125,1655.199951171875,1683.199951171875,69839
2025-09-26,1640.4000244140625,1696.800048828125,1608.9000244140625,1685.0,142349
2025-09-29,1653.199951171875,1700.0,1578.5,1663.800048828125,235223
2025-09-30,1594.0,1695.0,1576.800048828125,1689.0,211005
2025-10-01,1625.0,1648.800048828125,1575.0,1605.4000244140625,128943
2025-10-03,1706.199951171875,1706.199951171875,1600.9000244140625,1630.0,98154
2025-10-06,1689.300048828125,1762.0999755859375,1667.0999755859375,1725.0,156965
2025-10-07,1682.800048828125,1740.0,1657.699951171875,1687.0,105971
2025-10-08,1724.199951171875,1739.0,1682.800048828125,1719.0,92291
2025-10-09,1679.0999755859375,1733.800048828125,1670.0,1720.0,42185
2025-10-10,1668.800048828125,1708.0,1661.0,1680.0,37401
2025-10-13,1593.5999755859375,1675.0,1585.4000244140625,1668.800048828125,58978
2025-10-14,1545.5,1629.0,1522.0,1629.0,48682
2025-10-15,1602.300048828125,1620.0,1517.4000244140625,1523.300048828125,59518
2025-10-16,1522.199951171875,1628.0,1522.199951171875,1608.0,56403
2025-10-17,1517.199951171875,1560.0,1485.0,1516.0,57661
2025-10-20,1504.800048828125,1543.0,1495.0999755859375,1543.0,28606
2025-10-21,1507.5,1524.800048828125,1477.0,1515.0,15442
2025-10-23,1478.0,1530.0,1450.0,1517.199951171875,37082
2025-10-24,1445.0,1515.4000244140625,1430.0,1480.0,68418
2025-10-27,1413.5999755859375,1451.0999755859375,1390.0999755859375,1445.0,63089
2025-10-28,1479.0999755859375,1481.0,1416.0,1416.0,77058
2025-10-29,1553.0,1553.0,1479.699951171875,1479.699951171875,85404
2025-10-30,1548.199951171875,1589.0,1530.0,1553.0,55118
2025-10-31,1601.0999755859375,1622.0,1550.0,1560.5,62684
2025-11-03,1573.199951171875,1660.0,1549.0,1616.0,54049
2025-11-04,1551.9000244140625,1586.0,1540.0,1565.0,32099
2025-11-06,1474.300048828125,1540.0,1474.300048828125,1540.0,88367
2025-11-07,1400.5999755859375,1448.9000244140625,1400.5999755859375,1432.0,111190
2025-11-10,1407.5,1430.0,1364.699951171875,1400.0,71662
2025-11-11,1422.699951171875,1434.800048828125,1393.0,1395.0,59703
2025-11-12,1412.800048828125,1451.0,1390.0,1420.0,63605
2025-11-13,1483.4000244140625,1483.4000244140625,1483.4000244140625,1483.4000244140625,26851
2025-11-14,1557.5,1557.5,1510.0,1555.0,93054
2025-11-17,1560.5999755859375,1612.0,1550.0,1611.0,96111
2025-11-18,1500.5999755859375,1582.0,1482.5999755859375,1582.0,93581
2025-11-19,1525.4000244140625,1575.5999755859375,1490.0,1523.9000244140625,86778
2025-11-20,1512.9000244140625,1544.800048828125,1505.0,1526.0,23947
2025-11-21,1467.199951171875,1514.0,1461.199951171875,1514.0,42391
2025-11-24,1408.9000244140625,1498.0,1393.9000244140625,1467.199951171875,94741
2025-11-25,1415.699951171875,1429.800048828125,1385.300048828125,1405.0,42393
2025-11-26,1428.5999755859375,1436.0,1412.199951171875,1412.199951171875,19286
2025-11-27,1424.699951171875,1464.0,1408.0,1439.9000244140625,24941
2025-11-28,1417.199951171875,1432.800048828125,1409.0,1420.0,29726
2025-12-01,1425.0,1450.0,1402.0,1410.5,28867
2025-12-02,1381.0,1438.0,1374.0,1424.0,52285
2025-12-03,1358.699951171875,1388.9000244140625,1351.0,1379.0,51353
2025-12-04,1343.9000244140625,1400.0,1321.0,1356.9000244140625,32416
2025-12-05,1352.800048828125,1371.5,1321.0,1324.300048828125,35328
2025-12-08,1292.0,1345.0,1285.199951171875,1344.9000244140625,58509
2025-12-09,1353.800048828125,1356.5999755859375,1230.0,1267.0,70970
2025-12-10,1302.5,1339.0,1291.199951171875,1335.0,34829
2025-12-11,1308.800048828125,1329.0,1272.5,1295.0,38155
2025-12-12,1297.9000244140625,1329.0999755859375,1280.0999755859375,1308.800048828125,27945
2025-12-15,1293.300048828125,1325.0,1280.0999755859375,1282.0999755859375,29744
2025-12-16,1261.0999755859375,1297.800048828125,1252.9000244140625,1286.4000244140625,35244
2025-12-17,1198.0999755859375,1272.5,1198.0999755859375,1262.0,93579
2025-12-18,1251.5,1258.0,1141.800048828125,1160.0999755859375,114957
2025-12-19,1308.800048828125,1314.0,1225.800048828125,1250.0,59564
2025-12-22,1361.9000244140625,1369.9000244140625,1307.0,1308.800048828125,88111
2025-12-23,1354.0999755859375,1369.0,1341.0,1361.9000244140625,37850
2025-12-24,1344.9000244140625,1385.0,1331.0,1346.199951171875,48055
2025-12-26,1321.699951171875,1350.0,1316.0,1350.0,31965
2025-12-29,1297.4000244140625,1314.9000244140625,1285.0,1301.699951171875,27907
2025-12-30,1320.800048828125,1327.0,1290.199951171875,1290.199951171875,18350
2025-12-31,1323.5,1350.0,1290.0999755859375,1330.0,18061
2026-01-01,1342.699951171875,1355.5,1325.0,1330.0,16095
2026-01-02,1373.800048828125,1384.0999755859375,1320.0,1342.0,34730
2026-01-05,1439.300048828125,1442.4000244140625,1373.0,1373.0,68936
2026-01-06,1487.0999755859375,1495.5,1443.0999755859375,1449.199951171875,62676
2026-01-07,1497.300048828125,1518.800048828125,1451.199951171875,1492.0,46224
2026-01-08,1471.5999755859375,1515.0,1465.0,1491.300048828125,43462
2026-01-09,1401.300048828125,1470.0,1398.0999755859375,1460.0,30719
2026-01-12,1377.300048828125,1398.800048828125,1331.300048828125,1389.9000244140625,76757
2026-01-13,1357.199951171875,1404.0,1338.9000244140625,1370.0999755859375,40775
2026-01-14,1309.4000244140625,1377.0,1300.0,1357.300048828125,63451
2026-01-15,1309.4000244140625,1309.4000244140625,1309.4000244140625,1309.4000244140625,0
2026-01-16,1281.199951171875,1341.9000244140625,1276.0,1323.800048828125,62687
2026-01-19,1240.0999755859375,1304.5999755859375,1229.0,1276.0,88689
2026-01-20,1178.0999755859375,1250.0,1178.0999755859375,1240.0999755859375,113761
2026-01-21,1119.199951171875,1159.0,1119.199951171875,1132.300048828125,109604
2026-01-22,1101.199951171875,1150.0,1063.300048828125,1132.199951171875,264172
2026-01-23,1152.4000244140625,1156.199951171875,1116.5999755859375,1139.800048828125,150850
2026-01-27,1121.0,1199.0,1101.5,1175.300048828125,170379
2026-01-28,1172.9000244140625,1177.0,1125.0,1125.0,167464
2026-01-29,1228.4000244140625,1231.5,1164.0,1189.0,129743
2026-01-30,1223.800048828125,1248.4000244140625,1194.0,1228.0,92005
2026-02-02,1114.699951171875,1167.5,1114.699951171875,1145.0,61547
2026-02-03,1169.9000244140625,1170.4000244140625,1114.800048828125,1160.0,164356
2026-02-04,1228.300048828125,1228.300048828125,1172.4000244140625,1190.0,71492
2026-02-05,1180.699951171875,1245.0,1173.0,1239.4000244140625,122281
2026-02-06,1123.5,1180.5999755859375,1121.699951171875,1180.5,210880
2026-02-09,1179.5999755859375,1179.5999755859375,1137.800048828125,1137.800048828125,41285
2026-02-10,1238.5,1238.5,1238.5,1238.5,33329
2026-02-11,1300.4000244140625,1300.4000244140625,1300.4000244140625,1300.4000244140625,33846
2026-02-12,1365.4000244140625,1365.4000244140625,1340.0,1365.4000244140625,396365
2026-02-13,1422.0999755859375,1432.9000244140625,1344.0999755859375,1365.4000244140625,295271
2026-02-16,1434.800048828125,1469.199951171875,1401.0999755859375,1421.0,132413
2026-02-17,1403.199951171875,1469.4000244140625,1395.0,1469.4000244140625,127170
2026-02-18,1473.300048828125,1473.300048828125,1405.5999755859375,1420.0,139680
2026-02-19,1451.5999755859375,1546.9000244140625,1416.800048828125,1503.0,309853
2026-02-20,1412.300048828125,1476.5999755859375,1379.0999755859375,1449.9000244140625,239424
2026-02-23,1404.4000244140625,1452.800048828125,1356.800048828125,1444.0,109769
2026-02-24,1474.5999755859375,1474.5999755859375,1404.4000244140625,1429.9000244140625,210640
2026-02-25,1496.4000244140625,1535.0,1468.0,1512.0,177405
2026-02-26,1470.9000244140625,1529.9000244140625,1463.5,1498.300048828125,82147
2026-02-27,1413.4000244140625,1478.0,1398.0,1455.0,96594
2026-03-02,1433.199951171875,1483.0,1356.0,1360.300048828125,190416
2026-03-04,1497.800048828125,1504.800048828125,1432.0,1439.4000244140625,232891
2026-03-05,1472.4000244140625,1535.0999755859375,1436.4000244140625,1525.0,131340
2026-03-06,1476.800048828125,1519.0999755859375,1471.300048828125,1480.0,60683
2026-03-09,1426.5,1452.5,1405.800048828125,1422.199951171875,108222
2026-03-10,1475.5,1485.0,1443.0,1460.0,80646
2026-03-11,1457.699951171875,1526.0,1450.0,1470.0,99324
2026-03-12,1385.199951171875,1445.0,1384.9000244140625,1423.0999755859375,212838
2026-03-13,1316.0,1405.0999755859375,1316.0,1388.9000244140625,133607
2026-03-16,1318.5999755859375,1335.0999755859375,1280.0999755859375,1280.0999755859375,149779
2026-03-17,1384.5,1384.5,1320.4000244140625,1331.9000244140625,59791
2026-03-18,1453.699951171875,1453.699951171875,1400.0999755859375,1408.800048828125,108809
2026-03-19,1410.300048828125,1494.4000244140625,1390.0,1444.0,188530
2026-03-20,1426.0,1471.0,1420.0,1421.0999755859375,132013
2026-03-23,1364.300048828125,1406.9000244140625,1358.699951171875,1400.0,134035
2026-03-24,1415.9000244140625,1430.0,1385.0,1410.0,117490
2026-03-25,1397.300048828125,1444.9000244140625,1385.5,1444.9000244140625,143569
2026-03-27,1459.699951171875,1467.0999755859375,1381.0,1393.0,488601
