,Unnamed: 0,Date,Ticker,Returns,Equity,Total_Return
1,1,2021-12-13,STARHEALTH.NS,-0.0108066251935848,0.9891933748064152,-0.4449467721733252
2,2,2021-12-14,STARHEALTH.NS,-0.039629884930307,0.9499917551890148,-0.4449467721733252
3,3,2021-12-15,STARHEALTH.NS,-0.0622751299060504,0.8908308952249421,-0.4449467721733252
4,4,2021-12-16,STARHEALTH.NS,0.0323080242741398,0.9196118814120232,-0.4449467721733252
5,5,2021-12-17,STARHEALTH.NS,-0.0175070884434128,0.9035121548705296,-0.4449467721733252
6,6,2021-12-20,STARHEALTH.NS,-0.0276438201669667,0.87853562734262,-0.4449467721733252
7,7,2021-12-21,STARHEALTH.NS,0.0019455099400274,0.8802448271382833,-0.4449467721733252
8,8,2021-12-22,STARHEALTH.NS,0.0020670521942529,0.8820643391396994,-0.4449467721733252
9,9,2021-12-23,STARHEALTH.NS,-0.0010001860278864,0.881182110711995,-0.4449467721733252
10,10,2021-12-24,STARHEALTH.NS,-0.0144537456461562,0.8684457286158208,-0.4449467721733252
11,11,2021-12-27,STARHEALTH.NS,0.0109834607937755,0.8779842682275946,-0.4449467721733252
12,12,2021-12-28,STARHEALTH.NS,-0.002951565668254,0.8753928400042268,-0.4449467721733252
13,13,2021-12-29,STARHEALTH.NS,-0.0068652155186531,0.8693830794941119,-0.4449467721733252
14,14,2021-12-30,STARHEALTH.NS,0.002917285288871,0.8719193179623135,-0.4449467721733252
15,15,2021-12-31,STARHEALTH.NS,-0.0038573260982449,0.8685560408215734,-0.4449467721733252
16,16,2022-01-03,STARHEALTH.NS,-0.0103472661225718,0.8595688603248253,-0.4449467721733252
17,17,2022-01-04,STARHEALTH.NS,-0.007568985778143,0.8530627958456921,-0.4449467721733252
18,18,2022-01-05,STARHEALTH.NS,-0.0153825798273752,0.8399404892908319,-0.4449467721733252
19,19,2022-01-06,STARHEALTH.NS,0.0245503635385901,0.8605613336537031,-0.4449467721733252
20,20,2022-01-07,STARHEALTH.NS,-0.0172347665123789,0.8457297599986001,-0.4449467721733252
21,21,2022-01-10,STARHEALTH.NS,0.0363126346471973,0.8764404357836912,-0.4449467721733252
22,22,2022-01-11,STARHEALTH.NS,-0.008995927892199,0.8685560408215737,-0.4449467721733252
23,23,2022-01-12,STARHEALTH.NS,0.0411349741314472,0.9042840710924814,-0.4449467721733252
24,24,2022-01-13,STARHEALTH.NS,0.0028046921860931,0.906820309560683,-0.4449467721733252
25,25,2022-01-14,STARHEALTH.NS,0.008390617886437,0.9144290922698672,-0.4449467721733252
26,26,2022-01-17,STARHEALTH.NS,0.0353933983550647,0.9467938454000348,-0.4449467721733252
27,27,2022-01-18,STARHEALTH.NS,-0.0174120097798426,0.9303082617044346,-0.4449467721733252
28,28,2022-01-19,STARHEALTH.NS,-0.0290998021901032,0.9032364753130168,-0.4449467721733252
29,29,2022-01-20,STARHEALTH.NS,-0.0044560657889108,0.899211594156078,-0.4449467721733252
30,30,2022-01-21,STARHEALTH.NS,0.0022686560282592,0.9012515959598408,-0.4449467721733252
31,31,2022-01-24,STARHEALTH.NS,-0.046433393825823,0.8594034256684859,-0.4449467721733252
32,32,2022-01-25,STARHEALTH.NS,-0.0036568623535206,0.8562607056346722,-0.4449467721733252
33,33,2022-01-27,STARHEALTH.NS,0.0155183358570105,0.8695484468458718,-0.4449467721733252
34,34,2022-01-28,STARHEALTH.NS,0.0117937834467514,0.879803712924431,-0.4449467721733252
35,35,2022-01-31,STARHEALTH.NS,-0.0374130181103481,0.8468876006792377,-0.4449467721733252
36,36,2022-02-01,STARHEALTH.NS,0.0261718432108561,0.869052210181433,-0.4449467721733252
37,37,2022-02-02,STARHEALTH.NS,-0.0114198709285692,0.8591277461109732,-0.4449467721733252
38,38,2022-02-03,STARHEALTH.NS,-0.0035297138829093,0.8560952709783327,-0.4449467721733252
39,39,2022-02-04,STARHEALTH.NS,-0.0053454801435063,0.8515190307063684,-0.4449467721733252
40,40,2022-02-07,STARHEALTH.NS,0.0005179530854488,0.8519600776156412,-0.4449467721733252
41,41,2022-02-08,STARHEALTH.NS,0.0009707481538958,0.8527871162881795,-0.4449467721733252
42,42,2022-02-09,STARHEALTH.NS,0.0019396134316336,0.8544411936332561,-0.4449467721733252
43,43,2022-02-10,STARHEALTH.NS,0.0176808577643321,0.8695484468458718,-0.4449467721733252
44,44,2022-02-11,STARHEALTH.NS,-0.0205440523211123,0.8516843980581282,-0.4449467721733252
45,45,2022-02-14,STARHEALTH.NS,-0.0479057437296223,0.8108838235462379,-0.4449467721733252
46,46,2022-02-15,STARHEALTH.NS,-0.0081593801580248,0.8042675141659313,-0.4449467721733252
47,47,2022-02-16,STARHEALTH.NS,0.0079523534959542,0.8106633337438912,-0.4449467721733252
48,48,2022-02-17,STARHEALTH.NS,-0.0017684129564726,0.8092297462011612,-0.4449467721733252
49,49,2022-02-18,STARHEALTH.NS,-0.0087891958662601,0.8021172674609952,-0.4449467721733252
50,50,2022-02-21,STARHEALTH.NS,-0.0019246966828057,0.8005734350170919,-0.4449467721733252
51,51,2022-02-22,STARHEALTH.NS,-0.0317492944806732,0.7751557932753301,-0.4449467721733252
52,52,2022-02-23,STARHEALTH.NS,-0.0337150747499399,0.7490213577622034,-0.4449467721733252
53,53,2022-02-24,STARHEALTH.NS,-0.0617593113095785,0.7027623145506442,-0.4449467721733252
54,54,2022-02-25,STARHEALTH.NS,0.0379727171984394,0.7294481091787965,-0.4449467721733252
55,55,2022-02-28,STARHEALTH.NS,0.0571428386892951,0.7711308448138119,-0.4449467721733252
56,56,2022-03-02,STARHEALTH.NS,-0.0077219554885863,0.7651762067542837,-0.4449467721733252
57,57,2022-03-03,STARHEALTH.NS,-0.0105203178718565,0.7571263098312472,-0.4449467721733252
58,58,2022-03-04,STARHEALTH.NS,-0.0503204034685321,0.7190274084438979,-0.4449467721733252
59,59,2022-03-07,STARHEALTH.NS,-0.0479257734606723,0.6845674637548013,-0.4449467721733252
60,60,2022-03-08,STARHEALTH.NS,-0.0166719970835262,0.6731543569956042,-0.4449467721733252
61,61,2022-03-09,STARHEALTH.NS,0.0351380322354004,0.6968076764911161,-0.4449467721733252
62,62,2022-03-10,STARHEALTH.NS,0.0063301152800383,0.7012185494113206,-0.4449467721733252
63,63,2022-03-11,STARHEALTH.NS,0.0010221156690553,0.7019352758781061,-0.4449467721733252
64,64,2022-03-14,STARHEALTH.NS,-0.0080119011605357,0.6963114398266773,-0.4449467721733252
65,65,2022-03-15,STARHEALTH.NS,-0.0198748714076421,0.6824723395004519,-0.4449467721733252
66,66,2022-03-16,STARHEALTH.NS,-0.0163193346625828,0.6713348449941882,-0.4449467721733252
67,67,2022-03-17,STARHEALTH.NS,0.0480453360487695,0.7035893532231826,-0.4449467721733252
68,68,2022-03-21,STARHEALTH.NS,0.0278191369635436,0.7231626018065894,-0.4449467721733252
69,69,2022-03-22,STARHEALTH.NS,-0.0012198655197616,0.7222804406834644,-0.4449467721733252
70,70,2022-03-23,STARHEALTH.NS,0.0078626326932251,0.7279594664900593,-0.4449467721733252
71,71,2022-03-24,STARHEALTH.NS,0.0565022895001414,0.7690908430100492,-0.4449467721733252
72,72,2022-03-25,STARHEALTH.NS,0.0171338619225429,0.7822683393200754,-0.4449467721733252
73,73,2022-03-28,STARHEALTH.NS,-0.0202988778100993,0.7663891698855079,-0.4449467721733252
74,74,2022-03-29,STARHEALTH.NS,-0.0100719424460431,0.7586701422751503,-0.4449467721733252
75,75,2022-03-30,STARHEALTH.NS,0.0184593200683593,0.772674677257715,-0.4449467721733252
76,76,2022-03-31,STARHEALTH.NS,0.0139146565293897,0.7834261800007132,-0.4449467721733252
77,77,2022-04-01,STARHEALTH.NS,0.0453937637354873,0.818988842919861,-0.4449467721733252
78,78,2022-04-04,STARHEALTH.NS,-0.0059243629214267,0.8141368557858043,-0.4449467721733252
79,79,2022-04-05,STARHEALTH.NS,0.0088717159708331,0.8213596467317231,-0.4449467721733252
80,80,2022-04-06,STARHEALTH.NS,0.0109418334982842,0.8303468272284712,-0.4449467721733252
81,81,2022-04-07,STARHEALTH.NS,-0.0163346451433847,0.8167834064597587,-0.4449467721733252
82,82,2022-04-08,STARHEALTH.NS,0.0103280184323366,0.8252191605369018,-0.4449467721733252
83,83,2022-04-11,STARHEALTH.NS,0.0024721543147578,0.827259229645244,-0.4449467721733252
84,84,2022-04-12,STARHEALTH.NS,-0.0076646226425456,0.8209185998224502,-0.4449467721733252
85,85,2022-04-13,STARHEALTH.NS,-0.0210894109068334,0.8036059101497321,-0.4449467721733252
86,86,2022-04-18,STARHEALTH.NS,0.0008232941144938,0.8042675141659309,-0.4449467721733252
87,87,2022-04-19,STARHEALTH.NS,-0.0230341925760293,0.7857418613619884,-0.4449467721733252
88,88,2022-04-20,STARHEALTH.NS,0.0047716293204826,0.7894911302659939,-0.4449467721733252
89,89,2022-04-21,STARHEALTH.NS,-0.0489559147920418,0.7508408697636191,-0.4449467721733252
90,90,2022-04-22,STARHEALTH.NS,0.0123365590802184,0.7601036625133006,-0.4449467721733252
91,91,2022-04-25,STARHEALTH.NS,-0.0058755082905719,0.7556376671425097,-0.4449467721733252
92,92,2022-04-26,STARHEALTH.NS,-0.0080262677854797,0.7495727168772287,-0.4449467721733252
93,93,2022-04-27,STARHEALTH.NS,0.0073556454578889,0.7550863080274841,-0.4449467721733252
94,94,2022-04-28,STARHEALTH.NS,0.0262139645228642,0.7748801137178172,-0.4449467721733252
95,95,2022-04-29,STARHEALTH.NS,0.0123096104008004,0.7844185860250115,-0.4449467721733252
96,96,2022-05-02,STARHEALTH.NS,-0.0137766052285255,0.7736119608314267,-0.4449467721733252
97,97,2022-05-04,STARHEALTH.NS,0.0255862198266167,0.7934057665217596,-0.4449467721733252
98,98,2022-05-05,STARHEALTH.NS,0.0157748097094336,0.8059215915110077,-0.4449467721733252
99,99,2022-05-06,STARHEALTH.NS,-0.0063624047810609,0.8007939921240178,-0.4449467721733252
100,100,2022-05-09,STARHEALTH.NS,-0.0388322937661859,0.7696973245756612,-0.4449467721733252
101,101,2022-05-10,STARHEALTH.NS,-0.0008595638767012,0.7690357205594623,-0.4449467721733252
102,102,2022-05-11,STARHEALTH.NS,-0.0165615836303261,0.7562992711587087,-0.4449467721733252
103,103,2022-05-12,STARHEALTH.NS,-0.0552598450507013,0.71450629062252,-0.4449467721733252
104,104,2022-05-13,STARHEALTH.NS,0.0081796244974454,0.7203506837808749,-0.4449467721733252
105,105,2022-05-16,STARHEALTH.NS,0.0324531377068981,0.7437283237188739,-0.4449467721733252
106,106,2022-05-17,STARHEALTH.NS,-0.0358069893646163,0.7170976515413082,-0.4449467721733252
107,107,2022-05-18,STARHEALTH.NS,0.0084576350964826,0.7231626018065893,-0.4449467721733252
108,108,2022-05-19,STARHEALTH.NS,-0.0050320034376251,0.7195236451083367,-0.4449467721733252
109,109,2022-05-20,STARHEALTH.NS,0.0412260910560344,0.7491867924185428,-0.4449467721733252
110,110,2022-05-23,STARHEALTH.NS,0.0924344797413416,0.8184374838048354,-0.4449467721733252
111,111,2022-05-24,STARHEALTH.NS,-0.0078145886520827,0.812041731531455,-0.4449467721733252
112,112,2022-05-25,STARHEALTH.NS,-0.0370043442376067,0.7819926597625627,-0.4449467721733252
113,113,2022-05-26,STARHEALTH.NS,-0.0650779423609188,0.731102186523873,-0.4449467721733252
114,114,2022-05-27,STARHEALTH.NS,0.0008295441824566,0.7317086680894852,-0.4449467721733252
115,115,2022-05-30,STARHEALTH.NS,0.0124331250874412,0.7408060934874068,-0.4449467721733252
116,116,2022-05-31,STARHEALTH.NS,0.0163739211072893,0.7529359940179687,-0.4449467721733252
117,117,2022-06-01,STARHEALTH.NS,0.0384446404061145,0.78188234755681,-0.4449467721733252
118,118,2022-06-02,STARHEALTH.NS,0.0133277094277173,0.7923030482917086,-0.4449467721733252
119,119,2022-06-03,STARHEALTH.NS,-0.0135003649367171,0.7816066679992971,-0.4449467721733252
120,120,2022-06-06,STARHEALTH.NS,-0.0089587693218079,0.7746044341603044,-0.4449467721733252
121,121,2022-06-07,STARHEALTH.NS,-0.0033454859139515,0.7720130059369368,-0.4449467721733252
122,122,2022-06-08,STARHEALTH.NS,0.0010712755694246,0.7728400446094751,-0.4449467721733252
123,123,2022-06-09,STARHEALTH.NS,-0.0002139735808378,0.7726746772577151,-0.4449467721733252
124,124,2022-06-10,STARHEALTH.NS,-0.0182674290994401,0.758559897373977,-0.4449467721733252
125,125,2022-06-13,STARHEALTH.NS,-0.0036342490351406,0.7558031017988492,-0.4449467721733252
126,126,2022-06-14,STARHEALTH.NS,0.0258242639938719,0.77532116062709,-0.4449467721733252
127,127,2022-06-15,STARHEALTH.NS,-0.0157871938150576,0.7630810151953547,-0.4449467721733252
128,128,2022-06-16,STARHEALTH.NS,-0.0402456294594472,0.7323703394102636,-0.4449467721733252
129,129,2022-06-17,STARHEALTH.NS,-0.0623353502856333,0.6867177777643168,-0.4449467721733252
130,130,2022-06-20,STARHEALTH.NS,-0.0096346848655158,0.6801014683840102,-0.4449467721733252
131,131,2022-06-21,STARHEALTH.NS,-0.0128901697722436,0.671334844994188,-0.4449467721733252
132,132,2022-06-22,STARHEALTH.NS,-0.0197109070969311,0.658102226233575,-0.4449467721733252
133,133,2022-06-23,STARHEALTH.NS,-0.0574731710699489,0.6202790044037384,-0.4449467721733252
134,134,2022-06-24,STARHEALTH.NS,-0.052,0.588024496174744,-0.4449467721733252
135,135,2022-06-27,STARHEALTH.NS,-0.0341303557562705,0.5679550109268982,-0.4449467721733252
136,136,2022-06-28,STARHEALTH.NS,-0.0063100671333407,0.5643711766792322,-0.4449467721733252
137,137,2022-06-29,STARHEALTH.NS,-0.0275497771048036,0.5488228765573436,-0.4449467721733252
138,138,2022-06-30,STARHEALTH.NS,-0.0180831821966205,0.5388984124868839,-0.4449467721733252
139,139,2022-07-01,STARHEALTH.NS,-0.0301821150635686,0.5226333185936303,-0.4449467721733252
140,140,2022-07-04,STARHEALTH.NS,0.0506382516760359,0.5490985561148564,-0.4449467721733252
141,141,2022-07-05,STARHEALTH.NS,-0.0239984173392546,0.5359210598048298,-0.4449467721733252
142,142,2022-07-06,STARHEALTH.NS,-0.0205761316872428,0.5248938775043189,-0.4449467721733252
143,143,2022-07-07,STARHEALTH.NS,0.1174370260799633,0.5865358534860067,-0.4449467721733252
144,144,2022-07-08,STARHEALTH.NS,0.0052641242046438,0.5896234510692338,-0.4449467721733252
145,145,2022-07-11,STARHEALTH.NS,0.0331961840186518,0.6091966996526406,-0.4449467721733252
146,146,2022-07-12,STARHEALTH.NS,0.0191872121490064,0.6208854859693503,-0.4449467721733252
147,147,2022-07-13,STARHEALTH.NS,0.0348104733967253,0.6424988036610993,-0.4449467721733252
148,148,2022-07-14,STARHEALTH.NS,0.0235990722111916,0.6576611793243019,-0.4449467721733252
149,149,2022-07-15,STARHEALTH.NS,0.0389839018246891,0.6832993781729898,-0.4449467721733252
150,150,2022-07-18,STARHEALTH.NS,0.0837568971743083,0.7405304139298937,-0.4449467721733252
151,151,2022-07-19,STARHEALTH.NS,0.0058074968132748,0.7448310419489247,-0.4449467721733252
152,152,2022-07-20,STARHEALTH.NS,0.0121400726313376,0.7538733448962596,-0.4449467721733252
153,153,2022-07-21,STARHEALTH.NS,-0.0220873781640476,0.7372222592397404,-0.4449467721733252
154,154,2022-07-22,STARHEALTH.NS,0.0183980076547061,0.7507856800084529,-0.4449467721733252
155,155,2022-07-25,STARHEALTH.NS,0.0307703796111642,0.7738876403889391,-0.4449467721733252
156,156,2022-07-26,STARHEALTH.NS,-0.0017811342572561,0.7725092426013752,-0.4449467721733252
157,157,2022-07-27,STARHEALTH.NS,0.0881450304417801,0.84060209330703,-0.4449467721733252
158,158,2022-07-28,STARHEALTH.NS,-0.0055752329372387,0.8359155408293127,-0.4449467721733252
159,159,2022-07-29,STARHEALTH.NS,-0.0143130080610208,0.8239510749550901,-0.4449467721733252
160,160,2022-08-01,STARHEALTH.NS,-0.0501204651970144,0.7826542637787609,-0.4449467721733252
161,161,2022-08-02,STARHEALTH.NS,0.0226135791376804,0.800352877910165,-0.4449467721733252
162,162,2022-08-03,STARHEALTH.NS,-0.0097822757031551,0.7925236053986341,-0.4449467721733252
163,163,2022-08-04,STARHEALTH.NS,-0.0256018145283711,0.7722335630438623,-0.4449467721733252
164,164,2022-08-05,STARHEALTH.NS,0.0109239248142385,0.780669384425585,-0.4449467721733252
165,165,2022-08-08,STARHEALTH.NS,-0.0164559986060931,0.767822690123658,-0.4449467721733252
166,166,2022-08-10,STARHEALTH.NS,0.001436162598781,0.768925408353709,-0.4449467721733252
167,167,2022-08-11,STARHEALTH.NS,-0.0053061985828254,0.7648453374416041,-0.4449467721733252
168,168,2022-08-12,STARHEALTH.NS,0.0041811195446086,0.768043247230584,-0.4449467721733252
169,169,2022-08-16,STARHEALTH.NS,0.0070352109318916,0.7734465934796662,-0.4449467721733252
170,170,2022-08-17,STARHEALTH.NS,0.0024236542810147,0.7753211606270894,-0.4449467721733252
171,171,2022-08-18,STARHEALTH.NS,-0.0014222728413076,0.7742184423970384,-0.4449467721733252
172,172,2022-08-19,STARHEALTH.NS,-0.0027061151473771,0.772123318142689,-0.4449467721733252
173,173,2022-08-22,STARHEALTH.NS,0.0087831523446015,0.7789049948747555,-0.4449467721733252
174,174,2022-08-23,STARHEALTH.NS,0.0116089934033467,0.7879472978220904,-0.4449467721733252
175,175,2022-08-24,STARHEALTH.NS,0.0072773246041084,0.7936814460792718,-0.4449467721733252
176,176,2022-08-25,STARHEALTH.NS,0.020979472852987,0.8103324644312114,-0.4449467721733252
177,177,2022-08-26,STARHEALTH.NS,0.0072124229491863,0.8161769248941458,-0.4449467721733252
178,178,2022-08-29,STARHEALTH.NS,-0.0130379302786646,0.805535667052321,-0.4449467721733252
179,179,2022-08-30,STARHEALTH.NS,0.0006160331376197,0.8060319037167599,-0.4449467721733252
180,180,2022-09-01,STARHEALTH.NS,-0.0136124386631969,0.7950598438668357,-0.4449467721733252
181,181,2022-09-02,STARHEALTH.NS,0.0283634011193221,0.8176104451322964,-0.4449467721733252
182,182,2022-09-05,STARHEALTH.NS,0.0224559486206565,0.8359706632798994,-0.4449467721733252
183,183,2022-09-06,STARHEALTH.NS,-0.0045507865492391,0.8321663392298868,-0.4449467721733252
184,184,2022-09-07,STARHEALTH.NS,-0.0132511756131782,0.8211391569293759,-0.4449467721733252
185,185,2022-09-08,STARHEALTH.NS,-0.0089975317093465,0.8137509313271177,-0.4449467721733252
186,186,2022-09-09,STARHEALTH.NS,0.0050139062888086,0.8178310022392227,-0.4449467721733252
187,187,2022-09-12,STARHEALTH.NS,0.0206970607168315,0.834757700148675,-0.4449467721733252
188,188,2022-09-13,STARHEALTH.NS,-0.0214002803263292,0.8168936513609315,-0.4449467721733252
189,189,2022-09-14,STARHEALTH.NS,-0.0069518945245251,0.8112146928589161,-0.4449467721733252
190,190,2022-09-15,STARHEALTH.NS,-0.0314688012584534,0.7856867389114015,-0.4449467721733252
191,191,2022-09-16,STARHEALTH.NS,0.0417543859649123,0.8184926062554214,-0.4449467721733252
192,192,2022-09-19,STARHEALTH.NS,-0.0193330758988716,0.8026686265760201,-0.4449467721733252
193,193,2022-09-20,STARHEALTH.NS,-0.0192334105377584,0.7872305713553048,-0.4449467721733252
194,194,2022-09-21,STARHEALTH.NS,0.0083344319490092,0.7937916909804453,-0.4449467721733252
195,195,2022-09-22,STARHEALTH.NS,-0.0104188376111219,0.7855213042550622,-0.4449467721733252
196,196,2022-09-23,STARHEALTH.NS,-0.0114409541071474,0.7765341910628935,-0.4449467721733252
197,197,2022-09-26,STARHEALTH.NS,-0.0077392958144808,0.7705243632481992,-0.4449467721733252
198,198,2022-09-27,STARHEALTH.NS,0.0284078362589446,0.7924132931928816,-0.4449467721733252
199,199,2022-09-28,STARHEALTH.NS,-0.0091149290502382,0.7851905022469629,-0.4449467721733252
200,200,2022-09-29,STARHEALTH.NS,-0.0056877857768411,0.7807245068761718,-0.4449467721733252
201,201,2022-09-30,STARHEALTH.NS,-0.0024717514124293,0.7787947499735823,-0.4449467721733252
202,202,2022-10-03,STARHEALTH.NS,-0.0039645844856194,0.7757071523903553,-0.4449467721733252
203,203,2022-10-04,STARHEALTH.NS,0.0175562945079639,0.7893256956096544,-0.4449467721733252
204,204,2022-10-06,STARHEALTH.NS,0.0030735013195719,0.7917516891766827,-0.4449467721733252
205,205,2022-10-07,STARHEALTH.NS,0.0014623785417391,0.7929095298573204,-0.4449467721733252
206,206,2022-10-10,STARHEALTH.NS,0.0188442918058571,0.8078513484135967,-0.4449467721733252
207,207,2022-10-11,STARHEALTH.NS,-0.0058694894024936,0.8031096734852929,-0.4449467721733252
208,208,2022-10-12,STARHEALTH.NS,-0.0100233254363912,0.7950598438668359,-0.4449467721733252
209,209,2022-10-13,STARHEALTH.NS,-0.0101941408958911,0.7869548917977922,-0.4449467721733252
210,210,2022-10-14,STARHEALTH.NS,0.0074966375715184,0.7928544074067337,-0.4449467721733252
211,211,2022-10-17,STARHEALTH.NS,-0.0028511652197061,0.7905938484960449,-0.4449467721733252
212,212,2022-10-18,STARHEALTH.NS,0.0102517267045043,0.7986988005650887,-0.4449467721733252
213,213,2022-10-19,STARHEALTH.NS,0.0080768144687113,0.8051497425936351,-0.4449467721733252
214,214,2022-10-20,STARHEALTH.NS,-0.0028761714043343,0.8028339939277801,-0.4449467721733252
215,215,2022-10-21,STARHEALTH.NS,-0.0067990004670377,0.7973755252281114,-0.4449467721733252
216,216,2022-10-24,STARHEALTH.NS,0.0024893498671001,0.7993604718858669,-0.4449467721733252
217,217,2022-10-25,STARHEALTH.NS,-0.0104842548836122,0.7909797729547309,-0.4449467721733252
218,218,2022-10-27,STARHEALTH.NS,0.0003485292126788,0.7912554525122436,-0.4449467721733252
219,219,2022-10-28,STARHEALTH.NS,-0.0007664801091564,0.7906489709466313,-0.4449467721733252
220,220,2022-10-31,STARHEALTH.NS,-0.0048117325063197,0.7868445795920392,-0.4449467721733252
221,221,2022-11-01,STARHEALTH.NS,0.0078481349826868,0.7930198420630731,-0.4449467721733252
222,222,2022-11-02,STARHEALTH.NS,0.0079259556120006,0.7993052821307007,-0.4449467721733252
223,223,2022-11-03,STARHEALTH.NS,-0.0182796446799756,0.7846942655825239,-0.4449467721733252
224,224,2022-11-04,STARHEALTH.NS,-0.0116638393447588,0.7755417177340157,-0.4449467721733252
225,225,2022-11-07,STARHEALTH.NS,-0.0051186913812335,0.7715719590276635,-0.4449467721733252
226,226,2022-11-09,STARHEALTH.NS,-0.0003572959777596,0.7712962794701508,-0.4449467721733252
227,227,2022-11-10,STARHEALTH.NS,-0.0003574236838043,0.771020599912638,-0.4449467721733252
228,228,2022-11-11,STARHEALTH.NS,-0.0087958013539644,0.764238855875992,-0.4449467721733252
229,229,2022-11-14,STARHEALTH.NS,-0.0078638082433085,0.7582290280612978,-0.4449467721733252
230,230,2022-11-15,STARHEALTH.NS,-0.0246508897232451,0.7395380079055954,-0.4449467721733252
231,231,2022-11-16,STARHEALTH.NS,-0.0498770014006277,0.7026520696494706,-0.4449467721733252
232,232,2022-11-17,STARHEALTH.NS,-0.0399403824850561,0.6745878772337544,-0.4449467721733252
233,233,2022-11-18,STARHEALTH.NS,-0.0155292194523907,0.664112054048269,-0.4449467721733252
234,234,2022-11-21,STARHEALTH.NS,0.0289746985587899,0.6833545006235764,-0.4449467721733252
235,235,2022-11-22,STARHEALTH.NS,-0.0037922165157366,0.6807630724002086,-0.4449467721733252
236,236,2022-11-23,STARHEALTH.NS,-0.0289948393727838,0.6610244564650418,-0.4449467721733252
237,237,2022-11-24,STARHEALTH.NS,0.0426223826385452,0.6891988937819312,-0.4449467721733252
238,238,2022-11-25,STARHEALTH.NS,0.03232001953125,0.7114738154898792,-0.4449467721733252
239,239,2022-11-28,STARHEALTH.NS,0.0017048598343556,0.7126867786211036,-0.4449467721733252
240,240,2022-11-29,STARHEALTH.NS,-0.0058796036898364,0.7084964628078254,-0.4449467721733252
241,241,2022-11-30,STARHEALTH.NS,0.0003891050583657,0.7087721423653381,-0.4449467721733252
242,242,2022-12-01,STARHEALTH.NS,-0.0081680280046674,0.7029828716575699,-0.4449467721733252
243,243,2022-12-02,STARHEALTH.NS,-0.0077647250306372,0.6975244029579011,-0.4449467721733252
244,244,2022-12-05,STARHEALTH.NS,-0.0165204527842809,0.6860009839929513,-0.4449467721733252
245,245,2022-12-06,STARHEALTH.NS,-0.0233885040411142,0.6699564472066238,-0.4449467721733252
246,246,2022-12-07,STARHEALTH.NS,-0.014895873549178,0.6599768606855774,-0.4449467721733252
247,247,2022-12-08,STARHEALTH.NS,0.0005012327367899,0.6603076626936768,-0.4449467721733252
248,248,2022-12-09,STARHEALTH.NS,0.005177081971093,0.6637261295895828,-0.4449467721733252
249,249,2022-12-12,STARHEALTH.NS,-0.0014122555019352,0.6627887787112917,-0.4449467721733252
250,250,2022-12-13,STARHEALTH.NS,-0.0018300900229223,0.6615758155800673,-0.4449467721733252
251,251,2022-12-14,STARHEALTH.NS,-8.33199299136167e-05,0.6615206931294806,-0.4449467721733252
252,252,2022-12-15,STARHEALTH.NS,-0.0014169638048006,0.6605833422511895,-0.4449467721733252
253,253,2022-12-16,STARHEALTH.NS,-0.0161923251893689,0.649886961958778,-0.4449467721733252
254,254,2022-12-19,STARHEALTH.NS,-0.01442266963963,0.6405138570033437,-0.4449467721733252
255,255,2022-12-20,STARHEALTH.NS,0.0084359552724773,0.6459172032524259,-0.4449467721733252
256,256,2022-12-21,STARHEALTH.NS,-0.0223644482901195,0.6314716213605883,-0.4449467721733252
257,257,2022-12-22,STARHEALTH.NS,0.0027066929658383,0.6331808211562515,-0.4449467721733252
258,258,2022-12-23,STARHEALTH.NS,-0.022727250984912,0.6187903617150007,-0.4449467721733252
259,259,2022-12-26,STARHEALTH.NS,0.0151474643681526,0.6281634666704349,-0.4449467721733252
260,260,2022-12-27,STARHEALTH.NS,0.0087773190304747,0.6336770578206903,-0.4449467721733252
261,261,2022-12-28,STARHEALTH.NS,0.0010440712789481,0.6343386618368893,-0.4449467721733252
262,262,2022-12-29,STARHEALTH.NS,0.0003476961443393,0.6345592189438154,-0.4449467721733252
263,263,2022-12-30,STARHEALTH.NS,-0.0159006416195375,0.6244693202170162,-0.4449467721733252
264,264,2023-01-02,STARHEALTH.NS,0.0317852735087476,0.6443182483579357,-0.4449467721733252
265,265,2023-01-03,STARHEALTH.NS,-0.0013691388151324,0.6434360872348107,-0.4449467721733252
266,266,2023-01-04,STARHEALTH.NS,0.0046272702776886,0.6464134399168646,-0.4449467721733252
267,267,2023-01-05,STARHEALTH.NS,-0.0029000548816618,0.6445388054648619,-0.4449467721733252
268,268,2023-01-06,STARHEALTH.NS,0.0021385799828914,0.6459172032524257,-0.4449467721733252
269,269,2023-01-09,STARHEALTH.NS,0.0058045657943874,0.6496664721564313,-0.4449467721733252
270,270,2023-01-10,STARHEALTH.NS,0.0048374360822134,0.652809192190245,-0.4449467721733252
271,271,2023-01-11,STARHEALTH.NS,-0.0027872034021325,0.650989680188829,-0.4449467721733252
272,272,2023-01-12,STARHEALTH.NS,-0.0265943115459476,0.6336770578206905,-0.4449467721733252
273,273,2023-01-13,STARHEALTH.NS,0.0,0.6336770578206905,-0.4449467721733252
274,274,2023-01-16,STARHEALTH.NS,-0.0091359954354011,0.6278877871129223,-0.4449467721733252
275,275,2023-01-17,STARHEALTH.NS,-0.0064980893016973,0.6238077162008173,-0.4449467721733252
276,276,2023-01-18,STARHEALTH.NS,-0.0469329807672908,0.5945305606538768,-0.4449467721733252
277,277,2023-01-19,STARHEALTH.NS,-0.0179913044009838,0.5838341803614653,-0.4449467721733252
278,278,2023-01-20,STARHEALTH.NS,0.0028331286531606,0.5854882577065419,-0.4449467721733252
279,279,2023-01-23,STARHEALTH.NS,-0.013372325940027,0.5776589178904314,-0.4449467721733252
280,280,2023-01-24,STARHEALTH.NS,-0.0199483662477725,0.5661355662300611,-0.4449467721733252
281,281,2023-01-25,STARHEALTH.NS,-0.0190884648315541,0.5553289073841866,-0.4449467721733252
282,282,2023-01-27,STARHEALTH.NS,-0.0041699882407943,0.5530131923706213,-0.4449467721733252
283,283,2023-01-30,STARHEALTH.NS,-0.0237288013888022,0.5398908521634713,-0.4449467721733252
284,284,2023-01-31,STARHEALTH.NS,0.0221609599024834,0.5518553516899837,-0.4449467721733252
285,285,2023-02-01,STARHEALTH.NS,0.0024977519622537,0.5532337494775476,-0.4449467721733252
286,286,2023-02-02,STARHEALTH.NS,0.0299979817157312,0.5698296453789005,-0.4449467721733252
287,287,2023-02-03,STARHEALTH.NS,-0.0092888007604619,0.5645366113355712,-0.4449467721733252
288,288,2023-02-06,STARHEALTH.NS,0.0219748017028085,0.5769421914236459,-0.4449467721733252
289,289,2023-02-07,STARHEALTH.NS,0.0148126907858965,0.5854882577065419,-0.4449467721733252
290,290,2023-02-08,STARHEALTH.NS,0.0,0.5854882577065419,-0.4449467721733252
291,291,2023-02-09,STARHEALTH.NS,0.0186457541224163,0.5964051278013,-0.4449467721733252
292,292,2023-02-10,STARHEALTH.NS,-0.0096144058548612,0.5906710468486979,-0.4449467721733252
293,293,2023-02-13,STARHEALTH.NS,0.000373286964924,0.5908915366510445,-0.4449467721733252
294,294,2023-02-14,STARHEALTH.NS,-0.0554259271113654,0.5581408254099011,-0.4449467721733252
295,295,2023-02-15,STARHEALTH.NS,-0.0102735982458918,0.5524067108050092,-0.4449467721733252
296,296,2023-02-16,STARHEALTH.NS,0.017866017509456,0.5622760187725926,-0.4449467721733252
297,297,2023-02-17,STARHEALTH.NS,-0.0016670055181214,0.5613387015465913,-0.4449467721733252
298,298,2023-02-20,STARHEALTH.NS,0.1122680007553706,0.6243590753158428,-0.4449467721733252
299,299,2023-02-21,STARHEALTH.NS,-0.024108131613871,0.6093069445538136,-0.4449467721733252
300,300,2023-02-22,STARHEALTH.NS,0.0104062983024704,0.6156475743766074,-0.4449467721733252
301,301,2023-02-23,STARHEALTH.NS,0.0071646069988511,0.6200584472968118,-0.4449467721733252
302,302,2023-02-24,STARHEALTH.NS,0.0042682277541612,0.6227049979707662,-0.4449467721733252
303,303,2023-02-27,STARHEALTH.NS,-0.0012396178358405,0.6219330817488146,-0.4449467721733252
304,304,2023-02-28,STARHEALTH.NS,0.0001772616771942,0.622043326649988,-0.4449467721733252
305,305,2023-03-01,STARHEALTH.NS,-0.0052294828923026,0.6187903617150008,-0.4449467721733252
306,306,2023-03-02,STARHEALTH.NS,0.0047223795128108,0.6217125246418885,-0.4449467721733252
307,307,2023-03-03,STARHEALTH.NS,-0.0005320819430009,0.6213817226337891,-0.4449467721733252
308,308,2023-03-06,STARHEALTH.NS,0.0327418140319986,0.6417268874391475,-0.4449467721733252
309,309,2023-03-08,STARHEALTH.NS,0.0051550819435892,0.6450350421293009,-0.4449467721733252
310,310,2023-03-09,STARHEALTH.NS,-0.0091461432762569,0.6391354592157799,-0.4449467721733252
311,311,2023-03-10,STARHEALTH.NS,-0.0019840638843087,0.6378673736339687,-0.4449467721733252
312,312,2023-03-13,STARHEALTH.NS,-0.0263635572273821,0.6210509206256897,-0.4449467721733252
313,313,2023-03-14,STARHEALTH.NS,-0.0404829319935943,0.5959089584414408,-0.4449467721733252
314,314,2023-03-15,STARHEALTH.NS,-0.0247039896705569,0.581187629687511,-0.4449467721733252
315,315,2023-03-16,STARHEALTH.NS,0.0296936244692789,0.5984451969096424,-0.4449467721733252
316,316,2023-03-17,STARHEALTH.NS,-0.0140962304072035,0.5900093755279198,-0.4449467721733252
317,317,2023-03-20,STARHEALTH.NS,0.0169142846452516,0.5999889620489662,-0.4449467721733252
318,318,2023-03-21,STARHEALTH.NS,0.0176438835726018,0.6105750974402044,-0.4449467721733252
319,319,2023-03-22,STARHEALTH.NS,-0.0014448036397544,0.6096929363170794,-0.4449467721733252
320,320,2023-03-23,STARHEALTH.NS,0.0,0.6096929363170794,-0.4449467721733252
321,321,2023-03-24,STARHEALTH.NS,-0.0051547051822146,0.6065501489786861,-0.4449467721733252
322,322,2023-03-27,STARHEALTH.NS,-0.0154531409665248,0.5971770440232518,-0.4449467721733252
323,323,2023-03-28,STARHEALTH.NS,-0.0444095435972254,0.570656684051439,-0.4449467721733252
324,324,2023-03-29,STARHEALTH.NS,0.0183574879227053,0.5811325072369243,-0.4449467721733252
325,325,2023-03-31,STARHEALTH.NS,-0.0165085620626779,0.571538845174564,-0.4449467721733252
326,326,2023-04-03,STARHEALTH.NS,0.0169785606795804,0.5812427521380977,-0.4449467721733252
327,327,2023-04-05,STARHEALTH.NS,0.0501802569382188,0.6104096627838649,-0.4449467721733252
328,328,2023-04-06,STARHEALTH.NS,0.0266461933434576,0.6266747566771185,-0.4449467721733252
329,329,2023-04-10,STARHEALTH.NS,-0.0040471367981211,0.6241385182089169,-0.4449467721733252
330,330,2023-04-11,STARHEALTH.NS,0.0439929759965769,0.6515962290590208,-0.4449467721733252
331,331,2023-04-12,STARHEALTH.NS,0.01531559894915,0.6615758155800673,-0.4449467721733252
332,332,2023-04-13,STARHEALTH.NS,0.0024168883699111,0.6631747704745572,-0.4449467721733252
333,333,2023-04-17,STARHEALTH.NS,-0.0088959700763334,0.6572751875610362,-0.4449467721733252
334,334,2023-04-18,STARHEALTH.NS,-0.0010904511235927,0.6565584610942506,-0.4449467721733252
335,335,2023-04-19,STARHEALTH.NS,-0.0014276731377871,0.6556211102159595,-0.4449467721733252
336,336,2023-04-20,STARHEALTH.NS,0.0012614582716317,0.6564481488884978,-0.4449467721733252
337,337,2023-04-21,STARHEALTH.NS,-0.0007559419053571,0.6559519122240589,-0.4449467721733252
338,338,2023-04-24,STARHEALTH.NS,0.0129444608271969,0.6644428560563681,-0.4449467721733252
339,339,2023-04-25,STARHEALTH.NS,-0.0131108846385382,0.6557314224217121,-0.4449467721733252
340,340,2023-04-26,STARHEALTH.NS,-0.0027747823868137,0.6539119104202961,-0.4449467721733252
341,341,2023-04-27,STARHEALTH.NS,-0.0089375848110772,0.6480675172619411,-0.4449467721733252
342,342,2023-04-28,STARHEALTH.NS,0.0059554193079836,0.6519270310671199,-0.4449467721733252
343,343,2023-05-02,STARHEALTH.NS,0.0261333083356243,0.6689640411823251,-0.4449467721733252
344,344,2023-05-03,STARHEALTH.NS,-0.0028846945183761,0.6670342842797357,-0.4449467721733252
345,345,2023-05-04,STARHEALTH.NS,0.005868718217374,0.6709489205355011,-0.4449467721733252
346,346,2023-05-05,STARHEALTH.NS,-0.0200509687932755,0.6574957446679619,-0.4449467721733252
347,347,2023-05-08,STARHEALTH.NS,0.0043605460560796,0.6603627851442629,-0.4449467721733252
348,348,2023-05-09,STARHEALTH.NS,-0.0007513587546442,0.6598666157844035,-0.4449467721733252
349,349,2023-05-10,STARHEALTH.NS,-0.0124498862016693,0.6516513515096071,-0.4449467721733252
350,350,2023-05-11,STARHEALTH.NS,-0.0003384587577623,0.6514307944026809,-0.4449467721733252
351,351,2023-05-12,STARHEALTH.NS,-0.0122725349132458,0.6434360872348105,-0.4449467721733252
352,352,2023-05-15,STARHEALTH.NS,-0.0169666228175878,0.6325191498354729,-0.4449467721733252
353,353,2023-05-16,STARHEALTH.NS,0.0344316611586763,0.6542978348789819,-0.4449467721733252
354,354,2023-05-17,STARHEALTH.NS,-0.016684863548077,0.6433809647842238,-0.4449467721733252
355,355,2023-05-18,STARHEALTH.NS,0.0175679146208722,0.6546838266422474,-0.4449467721733252
356,356,2023-05-19,STARHEALTH.NS,-0.0122115544061531,0.6466891194743771,-0.4449467721733252
357,357,2023-05-22,STARHEALTH.NS,0.0012788813784443,0.6475161581469154,-0.4449467721733252
358,358,2023-05-23,STARHEALTH.NS,0.0126021172089096,0.6556762326665457,-0.4449467721733252
359,359,2023-05-24,STARHEALTH.NS,-0.0151362266557968,0.645751768596086,-0.4449467721733252
360,360,2023-05-25,STARHEALTH.NS,-0.0031591114464895,0.6437117667923232,-0.4449467721733252
361,361,2023-05-26,STARHEALTH.NS,-0.0837687784395074,0.5897888184209932,-0.4449467721733252
362,362,2023-05-29,STARHEALTH.NS,0.0082266516124305,0.5946408055550497,-0.4449467721733252
363,363,2023-05-30,STARHEALTH.NS,0.0096430453537899,0.6003749538122313,-0.4449467721733252
364,364,2023-05-31,STARHEALTH.NS,-0.0109284820894974,0.5938137668825114,-0.4449467721733252
365,365,2023-06-01,STARHEALTH.NS,-0.0070566161429317,0.5896234510692332,-0.4449467721733252
366,366,2023-06-02,STARHEALTH.NS,0.0045820313280311,0.5923251241937743,-0.4449467721733252
367,367,2023-06-05,STARHEALTH.NS,0.0059572764152167,0.5958537686862742,-0.4449467721733252
368,368,2023-06-06,STARHEALTH.NS,-0.0015730093908412,0.5949164851125625,-0.4449467721733252
369,369,2023-06-07,STARHEALTH.NS,-0.0015754876477062,0.5939792015388509,-0.4449467721733252
370,370,2023-06-08,STARHEALTH.NS,-0.0215353867916596,0.5811876296875106,-0.4449467721733252
371,371,2023-06-09,STARHEALTH.NS,-0.0187837275556395,0.5702707595927525,-0.4449467721733252
372,372,2023-06-12,STARHEALTH.NS,-0.0155661180131774,0.5613938576494674,-0.4449467721733252
373,373,2023-06-13,STARHEALTH.NS,0.0204281944054225,0.5728621205115408,-0.4449467721733252
374,374,2023-06-14,STARHEALTH.NS,0.0113571211050289,0.5793681849906741,-0.4449467721733252
375,375,2023-06-15,STARHEALTH.NS,-0.000475827918506,0.5790925054331614,-0.4449467721733252
376,376,2023-06-16,STARHEALTH.NS,0.0100923308513261,0.5849368985915162,-0.4449467721733252
377,377,2023-06-19,STARHEALTH.NS,0.0201715750038575,0.5967359971139788,-0.4449467721733252
378,378,2023-06-20,STARHEALTH.NS,-0.0115494774425396,0.5898440081761596,-0.4449467721733252
379,379,2023-06-21,STARHEALTH.NS,0.028696905749354,0.606770706085612,-0.4449467721733252
380,380,2023-06-22,STARHEALTH.NS,-0.0129031814374147,0.5989414335740811,-0.4449467721733252
381,381,2023-06-23,STARHEALTH.NS,0.0135321278754731,0.6070463856431249,-0.4449467721733252
382,382,2023-06-26,STARHEALTH.NS,-0.0243415520691416,0.5922699344386084,-0.4449467721733252
383,383,2023-06-27,STARHEALTH.NS,0.0418916421946475,0.617081094614758,-0.4449467721733252
384,384,2023-06-28,STARHEALTH.NS,0.0199249908872631,0.6293764298016594,-0.4449467721733252
385,385,2023-06-30,STARHEALTH.NS,0.025142313772996,0.6452004094810607,-0.4449467721733252
386,386,2023-07-03,STARHEALTH.NS,0.0137584159357782,0.6540773450766356,-0.4449467721733252
387,387,2023-07-04,STARHEALTH.NS,-0.0052263955045034,0.6506588781807295,-0.4449467721733252
388,388,2023-07-05,STARHEALTH.NS,0.0114397087359459,0.6581022262335744,-0.4449467721733252
389,389,2023-07-06,STARHEALTH.NS,0.0004189008128578,0.6583779057910872,-0.4449467721733252
390,390,2023-07-07,STARHEALTH.NS,0.0094632351219838,0.6646082907127077,-0.4449467721733252
391,391,2023-07-10,STARHEALTH.NS,0.025136822751054,0.681314431515234,-0.4449467721733252
392,392,2023-07-11,STARHEALTH.NS,-0.0004046289712367,0.6810387519577212,-0.4449467721733252
393,393,2023-07-12,STARHEALTH.NS,0.022020785554907,0.6960357602691637,-0.4449467721733252
394,394,2023-07-13,STARHEALTH.NS,0.0093472168327066,0.7025417574437174,-0.4449467721733252
395,395,2023-07-14,STARHEALTH.NS,-0.0045518183802144,0.6993439149593169,-0.4449467721733252
396,396,2023-07-17,STARHEALTH.NS,-0.0004730176398527,0.6990131129512175,-0.4449467721733252
397,397,2023-07-18,STARHEALTH.NS,0.0033916442595085,0.7013839167630797,-0.4449467721733252
398,398,2023-07-19,STARHEALTH.NS,0.0037733267197919,0.7040304674370341,-0.4449467721733252
399,399,2023-07-20,STARHEALTH.NS,0.010337497783299,0.7113083808335394,-0.4449467721733252
400,400,2023-07-21,STARHEALTH.NS,-0.0006976392768736,0.7108121441691005,-0.4449467721733252
401,401,2023-07-24,STARHEALTH.NS,0.0052746269668593,0.7145614130731059,-0.4449467721733252
402,402,2023-07-25,STARHEALTH.NS,-0.0085647959768035,0.7084413403572383,-0.4449467721733252
403,403,2023-07-26,STARHEALTH.NS,-0.0068488198777473,0.7035893532231816,-0.4449467721733252
404,404,2023-07-27,STARHEALTH.NS,-0.0101872895922836,0.6964216847278495,-0.4449467721733252
405,405,2023-07-28,STARHEALTH.NS,-0.0144881063348317,0.6863318533056297,-0.4449467721733252
406,406,2023-07-31,STARHEALTH.NS,0.0224935723824557,0.7017699085263449,-0.4449467721733252
407,407,2023-08-01,STARHEALTH.NS,0.0087994584712554,0.7079451036927992,-0.4449467721733252
408,408,2023-08-02,STARHEALTH.NS,0.0006230909876363,0.7083862179066515,-0.4449467721733252
409,409,2023-08-03,STARHEALTH.NS,-0.0028020684304407,0.706401271248896,-0.4449467721733252
410,410,2023-08-04,STARHEALTH.NS,-0.0041366897906645,0.7034791083220082,-0.4449467721733252
411,411,2023-08-07,STARHEALTH.NS,0.0048592766308019,0.7068975079133347,-0.4449467721733252
412,412,2023-08-08,STARHEALTH.NS,-0.0140394667676159,0.696973043842875,-0.4449467721733252
413,413,2023-08-09,STARHEALTH.NS,0.0037181182920353,0.6995644720662427,-0.4449467721733252
414,414,2023-08-10,STARHEALTH.NS,-0.0083544272133662,0.6937200116033083,-0.4449467721733252
415,415,2023-08-11,STARHEALTH.NS,0.0089811232448389,0.6999503965249287,-0.4449467721733252
416,416,2023-08-14,STARHEALTH.NS,-0.0061441897031311,0.6956497685058978,-0.4449467721733252
417,417,2023-08-16,STARHEALTH.NS,0.0048348243578706,0.6990131129512172,-0.4449467721733252
418,418,2023-08-17,STARHEALTH.NS,-0.0165641261959337,0.6874345715356807,-0.4449467721733252
419,419,2023-08-18,STARHEALTH.NS,-0.0036092395121651,0.6849534555180657,-0.4449467721733252
420,420,2023-08-21,STARHEALTH.NS,-0.0163406971184411,0.6737608385612154,-0.4449467721733252
421,421,2023-08-22,STARHEALTH.NS,0.0098199672667758,0.6803771479415219,-0.4449467721733252
422,422,2023-08-23,STARHEALTH.NS,0.0047002016435373,0.683575057730502,-0.4449467721733252
423,423,2023-08-24,STARHEALTH.NS,-0.0038716314236816,0.6809285070565476,-0.4449467721733252
424,424,2023-08-25,STARHEALTH.NS,-0.0118218425797065,0.6728786774380905,-0.4449467721733252
425,425,2023-08-28,STARHEALTH.NS,0.0015568865749364,0.6739262732175548,-0.4449467721733252
426,426,2023-08-29,STARHEALTH.NS,0.0250347495406508,0.6907978486764206,-0.4449467721733252
427,427,2023-08-30,STARHEALTH.NS,0.0024742401832,0.692507048472084,-0.4449467721733252
428,428,2023-08-31,STARHEALTH.NS,0.0126592551067377,0.701273671861906,-0.4449467721733252
429,429,2023-09-01,STARHEALTH.NS,0.0007076219803339,0.701769908526345,-0.4449467721733252
430,430,2023-09-04,STARHEALTH.NS,0.02168445515959,0.7169874066401342,-0.4449467721733252
431,431,2023-09-05,STARHEALTH.NS,-0.0059981918499575,0.7126867786211031,-0.4449467721733252
432,432,2023-09-06,STARHEALTH.NS,0.0041776454557138,0.7156641313031569,-0.4449467721733252
433,433,2023-09-07,STARHEALTH.NS,0.0111710323574729,0.7236588384710272,-0.4449467721733252
434,434,2023-09-08,STARHEALTH.NS,0.0137904575892857,0.7336384249920737,-0.4449467721733252
435,435,2023-09-11,STARHEALTH.NS,-0.0157072183958661,0.7221150060271239,-0.4449467721733252
436,436,2023-09-12,STARHEALTH.NS,-0.0162632110803349,0.7103710972598274,-0.4449467721733252
437,437,2023-09-13,STARHEALTH.NS,-0.0181620800765696,0.6974692805073138,-0.4449467721733252
438,438,2023-09-14,STARHEALTH.NS,-0.0002371927495059,0.6973038458509744,-0.4449467721733252
439,439,2023-09-15,STARHEALTH.NS,0.0240373413360961,0.7140651764086668,-0.4449467721733252
440,440,2023-09-18,STARHEALTH.NS,-0.0264071900367398,0.6952087215966251,-0.4449467721733252
441,441,2023-09-20,STARHEALTH.NS,-0.0083273850398086,0.6894194508888568,-0.4449467721733252
442,442,2023-09-21,STARHEALTH.NS,-0.0325496420725516,0.6669790945245695,-0.4449467721733252
443,443,2023-09-22,STARHEALTH.NS,-0.0273621368289487,0.6487291212781399,-0.4449467721733252
444,444,2023-09-25,STARHEALTH.NS,-0.0119836612939888,0.6409549712171956,-0.4449467721733252
445,445,2023-09-26,STARHEALTH.NS,0.0137634408602149,0.6497767170576042,-0.4449467721733252
446,446,2023-09-27,STARHEALTH.NS,0.037505261919283,0.6741467630199015,-0.4449467721733252
447,447,2023-09-28,STARHEALTH.NS,-0.0130857942577531,0.6653250171794928,-0.4449467721733252
448,448,2023-09-29,STARHEALTH.NS,-0.0039777301334529,0.6626785338101178,-0.4449467721733252
449,449,2023-10-03,STARHEALTH.NS,-0.0107330261685878,0.6555659877653723,-0.4449467721733252
450,450,2023-10-04,STARHEALTH.NS,-0.0096719932716569,0.6492253579425785,-0.4449467721733252
451,451,2023-10-05,STARHEALTH.NS,0.0106157112526539,0.6561173468803978,-0.4449467721733252
452,452,2023-10-06,STARHEALTH.NS,0.0005881942620797,0.6565032713390838,-0.4449467721733252
453,453,2023-10-09,STARHEALTH.NS,-0.0217518295169657,0.6422231241035857,-0.4449467721733252
454,454,2023-10-10,STARHEALTH.NS,-0.0123626578042729,0.634283539386302,-0.4449467721733252
455,455,2023-10-11,STARHEALTH.NS,0.0039985878723189,0.6368197778545036,-0.4449467721733252
456,456,2023-10-12,STARHEALTH.NS,0.0156709745332792,0.6467993643755501,-0.4449467721733252
457,457,2023-10-13,STARHEALTH.NS,0.0017901079444559,0.6479572050561878,-0.4449467721733252
458,458,2023-10-16,STARHEALTH.NS,0.0039993817541437,0.6505486332795555,-0.4449467721733252
459,459,2023-10-17,STARHEALTH.NS,0.008983791309947,0.6563930264379103,-0.4449467721733252
460,460,2023-10-18,STARHEALTH.NS,-0.0047878632271104,0.6532503064040965,-0.4449467721733252
461,461,2023-10-19,STARHEALTH.NS,0.0043045031868305,0.656062224429811,-0.4449467721733252
462,462,2023-10-20,STARHEALTH.NS,-0.0081520069276106,0.6507140006313156,-0.4449467721733252
463,463,2023-10-23,STARHEALTH.NS,-0.0061006197845762,0.6467442419249634,-0.4449467721733252
464,464,2023-10-25,STARHEALTH.NS,0.0035805210331414,0.6490599232862388,-0.4449467721733252
465,465,2023-10-26,STARHEALTH.NS,-0.0144410471501268,0.6396868183308045,-0.4449467721733252
466,466,2023-10-27,STARHEALTH.NS,0.0131874241269109,0.6481226397125271,-0.4449467721733252
467,467,2023-10-30,STARHEALTH.NS,0.0004253509145044,0.6483983192700399,-0.4449467721733252
468,468,2023-10-31,STARHEALTH.NS,-0.0136054421768707,0.6395765734296311,-0.4449467721733252
469,469,2023-11-01,STARHEALTH.NS,-0.0550862279431573,0.604344712518583,-0.4449467721733252
470,470,2023-11-02,STARHEALTH.NS,0.0015510202354294,0.6052820633968741,-0.4449467721733252
471,471,2023-11-03,STARHEALTH.NS,-0.0051922690732908,0.6021392760584808,-0.4449467721733252
472,472,2023-11-06,STARHEALTH.NS,-0.0053108020213082,0.5989414335740804,-0.4449467721733252
473,473,2023-11-07,STARHEALTH.NS,0.0017489664534209,0.5999889620489652,-0.4449467721733252
474,474,2023-11-08,STARHEALTH.NS,0.0013784231458424,0.6008160007215035,-0.4449467721733252
475,475,2023-11-09,STARHEALTH.NS,-0.0102780138329183,0.5946408055550493,-0.4449467721733252
476,476,2023-11-10,STARHEALTH.NS,0.009828442824235,0.6004851987134041,-0.4449467721733252
477,477,2023-11-13,STARHEALTH.NS,0.0071619217730021,0.6047858267324352,-0.4449467721733252
478,478,2023-11-15,STARHEALTH.NS,-0.002188006528074,0.603462551395458,-0.4449467721733252
479,479,2023-11-16,STARHEALTH.NS,-0.004385608796825,0.6008160007215037,-0.4449467721733252
480,480,2023-11-17,STARHEALTH.NS,-0.0003669839053584,0.600595510919157,-0.4449467721733252
481,481,2023-11-20,STARHEALTH.NS,0.0099145563882339,0.6065501489786851,-0.4449467721733252
482,482,2023-11-21,STARHEALTH.NS,0.0264521191089366,0.6225946857650125,-0.4449467721733252
483,483,2023-11-22,STARHEALTH.NS,-0.0053134965103153,0.6192865310748593,-0.4449467721733252
484,484,2023-11-23,STARHEALTH.NS,-0.0074785458590752,0.6146551683523084,-0.4449467721733252
485,485,2023-11-24,STARHEALTH.NS,0.0235916089037302,0.6291558726947325,-0.4449467721733252
486,486,2023-11-28,STARHEALTH.NS,-0.014284398480898,0.6201687595025638,-0.4449467721733252
487,487,2023-11-29,STARHEALTH.NS,0.0119131416803464,0.6275569178002425,-0.4449467721733252
488,488,2023-11-30,STARHEALTH.NS,0.0156387713861683,0.6373711369695289,-0.4449467721733252
489,489,2023-12-01,STARHEALTH.NS,-0.0304497847507568,0.6179633230424615,-0.4449467721733252
490,490,2023-12-04,STARHEALTH.NS,-0.0170414853891383,0.60743231010181,-0.4449467721733252
491,491,2023-12-05,STARHEALTH.NS,0.0101661738572957,0.6136075725728438,-0.4449467721733252
492,492,2023-12-06,STARHEALTH.NS,0.0030551031893926,0.6154822070248466,-0.4449467721733252
493,493,2023-12-07,STARHEALTH.NS,0.0243661649933897,0.6304791480317097,-0.4449467721733252
494,494,2023-12-08,STARHEALTH.NS,-0.0161783996501967,0.6202790044037372,-0.4449467721733252
495,495,2023-12-11,STARHEALTH.NS,-0.0195555555555555,0.6081491038731752,-0.4449467721733252
496,496,2023-12-12,STARHEALTH.NS,-0.0005439488539777,0.6078183018650758,-0.4449467721733252
497,497,2023-12-13,STARHEALTH.NS,-0.0040820028123563,0.6053371858474609,-0.4449467721733252
498,498,2023-12-14,STARHEALTH.NS,0.0055560392114872,0.6087004629882007,-0.4449467721733252
499,499,2023-12-15,STARHEALTH.NS,-0.0124093760614809,0.6011468700341825,-0.4449467721733252
500,500,2023-12-18,STARHEALTH.NS,-0.0075209326561078,0.5966256849082254,-0.4449467721733252
501,501,2023-12-19,STARHEALTH.NS,-0.0021254290820652,0.5953575993264144,-0.4449467721733252
502,502,2023-12-20,STARHEALTH.NS,-0.0313021367843122,0.5767216343167192,-0.4449467721733252
503,503,2023-12-21,STARHEALTH.NS,-0.0203633353997371,0.5649776582448433,-0.4449467721733252
504,504,2023-12-22,STARHEALTH.NS,0.0196155934556871,0.5760600303005202,-0.4449467721733252
505,505,2023-12-26,STARHEALTH.NS,0.0218222872246087,0.588630977740355,-0.4449467721733252
506,506,2023-12-27,STARHEALTH.NS,0.0044961117814661,0.5912775284143094,-0.4449467721733252
507,507,2023-12-28,STARHEALTH.NS,0.0077395809109082,0.5958537686862737,-0.4449467721733252
508,508,2023-12-29,STARHEALTH.NS,-0.0103636084740543,0.5896785735198194,-0.4449467721733252
509,509,2024-01-01,STARHEALTH.NS,0.019728822427244,0.6013122373859425,-0.4449467721733252
510,510,2024-01-02,STARHEALTH.NS,0.0088942540430334,0.606660461184438,-0.4449467721733252
511,511,2024-01-03,STARHEALTH.NS,0.0022721075061866,0.6080388589720018,-0.4449467721733252
512,512,2024-01-04,STARHEALTH.NS,0.0118788311624196,0.6152616499179205,-0.4449467721733252
513,513,2024-01-05,STARHEALTH.NS,-0.0154136328218281,0.6057782327567335,-0.4449467721733252
514,514,2024-01-08,STARHEALTH.NS,0.0013652499013949,0.6066052714292718,-0.4449467721733252
515,515,2024-01-09,STARHEALTH.NS,0.00018185170975,0.6067155836350245,-0.4449467721733252
516,516,2024-01-10,STARHEALTH.NS,0.0040894219376232,0.6091966996526396,-0.4449467721733252
517,517,2024-01-11,STARHEALTH.NS,0.0055208393982726,0.6125599767933795,-0.4449467721733252
518,518,2024-01-12,STARHEALTH.NS,0.0004500450045004,0.6128356563508922,-0.4449467721733252
519,519,2024-01-15,STARHEALTH.NS,0.0,0.6128356563508922,-0.4449467721733252
520,520,2024-01-16,STARHEALTH.NS,0.0045883720971098,0.6156475743766067,-0.4449467721733252
521,521,2024-01-17,STARHEALTH.NS,-0.0022389396871409,0.6142691765890428,-0.4449467721733252
522,522,2024-01-18,STARHEALTH.NS,0.0208240496818841,0.6270607484403831,-0.4449467721733252
523,523,2024-01-19,STARHEALTH.NS,-0.0050998404810598,0.6238628386514031,-0.4449467721733252
524,524,2024-01-23,STARHEALTH.NS,-0.0027397044506738,0.6221536388557398,-0.4449467721733252
525,525,2024-01-24,STARHEALTH.NS,-0.0116093364963721,0.6149308479098211,-0.4449467721733252
526,526,2024-01-25,STARHEALTH.NS,-0.0034071986566465,0.6128356563508922,-0.4449467721733252
527,527,2024-01-29,STARHEALTH.NS,0.0027890018766869,0.6145448561465555,-0.4449467721733252
528,528,2024-01-30,STARHEALTH.NS,0.0144446222309253,0.6234217244375508,-0.4449467721733252
529,529,2024-01-31,STARHEALTH.NS,0.0238790140319868,0.6383084205432406,-0.4449467721733252
530,530,2024-02-01,STARHEALTH.NS,0.0085514596455162,0.6437668892429094,-0.4449467721733252
531,531,2024-02-02,STARHEALTH.NS,-0.0171291541779652,0.6327397069423984,-0.4449467721733252
532,532,2024-02-05,STARHEALTH.NS,0.0008713837759446,0.633291066057424,-0.4449467721733252
533,533,2024-02-06,STARHEALTH.NS,-0.0020023740263787,0.632022980475613,-0.4449467721733252
534,534,2024-02-07,STARHEALTH.NS,-0.0005235083579238,0.6316921111629341,-0.4449467721733252
535,535,2024-02-08,STARHEALTH.NS,-0.0195512815731888,0.6193417208300255,-0.4449467721733252
536,536,2024-02-09,STARHEALTH.NS,-0.0109499228108793,0.6125599767933795,-0.4449467721733252
537,537,2024-02-12,STARHEALTH.NS,-0.0045004500450045,0.6098031812182517,-0.4449467721733252
538,538,2024-02-13,STARHEALTH.NS,-0.0037070303670321,0.6075426223075628,-0.4449467721733252
539,539,2024-02-14,STARHEALTH.NS,0.0004537616743096,0.6078183018650756,-0.4449467721733252
540,540,2024-02-15,STARHEALTH.NS,0.0075289609706095,0.6123945421370399,-0.4449467721733252
541,541,2024-02-16,STARHEALTH.NS,-0.009543509545268,0.606550148978685,-0.4449467721733252
542,542,2024-02-19,STARHEALTH.NS,0.0231797114497871,0.6206098064118363,-0.4449467721733252
543,543,2024-02-20,STARHEALTH.NS,0.0059524461509514,0.6243039528652552,-0.4449467721733252
544,544,2024-02-21,STARHEALTH.NS,-0.0026494744066335,0.6226498755201786,-0.4449467721733252
545,545,2024-02-22,STARHEALTH.NS,-0.0087665137572036,0.6171914068205099,-0.4449467721733252
546,546,2024-02-23,STARHEALTH.NS,0.0067893294802414,0.6213817226337881,-0.4449467721733252
547,547,2024-02-26,STARHEALTH.NS,0.0225377323993456,0.6353862576163528,-0.4449467721733252
548,548,2024-02-27,STARHEALTH.NS,0.0054667881155379,0.638859779658266,-0.4449467721733252
549,549,2024-02-28,STARHEALTH.NS,-0.0190730788963839,0.6266747566771174,-0.4449467721733252
550,550,2024-02-29,STARHEALTH.NS,-0.0119654899507862,0.6191762861736859,-0.4449467721733252
551,551,2024-03-01,STARHEALTH.NS,-0.0223508242083148,0.6053371858474607,-0.4449467721733252
552,552,2024-03-04,STARHEALTH.NS,0.0165770568969503,0.6153718948190938,-0.4449467721733252
553,553,2024-03-05,STARHEALTH.NS,-0.0056445899969714,0.6118983727771806,-0.4449467721733252
554,554,2024-03-06,STARHEALTH.NS,-0.0022526580374905,0.6105199749896167,-0.4449467721733252
555,555,2024-03-07,STARHEALTH.NS,-0.0078570151346014,0.6057231103061468,-0.4449467721733252
556,556,2024-03-11,STARHEALTH.NS,0.0131076139942405,0.6136626950234305,-0.4449467721733252
557,557,2024-03-12,STARHEALTH.NS,-0.0118597944042003,0.6063847816269251,-0.4449467721733252
558,558,2024-03-13,STARHEALTH.NS,-0.0080014988519974,0.6015327944928686,-0.4449467721733252
559,559,2024-03-14,STARHEALTH.NS,0.0084325858587304,0.6066052714292717,-0.4449467721733252
560,560,2024-03-15,STARHEALTH.NS,0.0136338853533148,0.6148756581546548,-0.4449467721733252
561,561,2024-03-18,STARHEALTH.NS,-0.0084288941493159,0.6096929363170783,-0.4449467721733252
562,562,2024-03-19,STARHEALTH.NS,-0.019533456956473,0.597783525588863,-0.4449467721733252
563,563,2024-03-20,STARHEALTH.NS,-0.007470924138285,0.5933175302180721,-0.4449467721733252
564,564,2024-03-21,STARHEALTH.NS,0.004088862107507,0.5957435237851004,-0.4449467721733252
565,565,2024-03-22,STARHEALTH.NS,0.0020360492104349,0.5969564869163249,-0.4449467721733252
566,566,2024-03-26,STARHEALTH.NS,-0.0041562761641665,0.5944753708987099,-0.4449467721733252
567,567,2024-03-27,STARHEALTH.NS,0.0230940693208148,0.6082042263237618,-0.4449467721733252
568,568,2024-03-28,STARHEALTH.NS,-0.0146858412930976,0.5992722355821798,-0.4449467721733252
569,569,2024-04-01,STARHEALTH.NS,0.0246572142385037,0.6140486194821166,-0.4449467721733252
570,570,2024-04-02,STARHEALTH.NS,0.0046691869176396,0.6169157272629973,-0.4449467721733252
571,571,2024-04-03,STARHEALTH.NS,0.0010724382390672,0.617577331279196,-0.4449467721733252
572,572,2024-04-04,STARHEALTH.NS,-0.0041960104225664,0.6149859703604077,-0.4449467721733252
573,573,2024-04-05,STARHEALTH.NS,0.0108481041071286,0.621657402191301,-0.4449467721733252
574,574,2024-04-08,STARHEALTH.NS,-0.0007095776746119,0.6212162879774487,-0.4449467721733252
575,575,2024-04-09,STARHEALTH.NS,-0.0027513763382285,0.6195070881817853,-0.4449467721733252
576,576,2024-04-10,STARHEALTH.NS,-0.0055179345911269,0.6160886885904587,-0.4449467721733252
577,577,2024-04-12,STARHEALTH.NS,-0.0143189544034509,0.60726694275005,-0.4449467721733252
578,578,2024-04-15,STARHEALTH.NS,0.0023606097042903,0.6087004629882005,-0.4449467721733252
579,579,2024-04-16,STARHEALTH.NS,0.0151267673658288,0.6179081332872953,-0.4449467721733252
580,580,2024-04-18,STARHEALTH.NS,0.0145445253308706,0.6268953137840434,-0.4449467721733252
581,581,2024-04-19,STARHEALTH.NS,-0.0043975373790676,0.6241385182089157,-0.4449467721733252
582,582,2024-04-22,STARHEALTH.NS,0.015017667844523,0.6335116231643501,-0.4449467721733252
583,583,2024-04-23,STARHEALTH.NS,-0.0134899912967798,0.624965556881454,-0.4449467721733252
584,584,2024-04-24,STARHEALTH.NS,0.0065284732369321,0.629045627793559,-0.4449467721733252
585,585,2024-04-25,STARHEALTH.NS,-0.0118327633544694,0.6216022797407141,-0.4449467721733252
586,586,2024-04-26,STARHEALTH.NS,-0.0065637965707056,0.6175222088286092,-0.4449467721733252
587,587,2024-04-29,STARHEALTH.NS,0.0026785714285715,0.6191762861736859,-0.4449467721733252
588,588,2024-04-30,STARHEALTH.NS,0.0179874899126224,0.6303137133753701,-0.4449467721733252
589,589,2024-05-02,STARHEALTH.NS,-0.0143456114802478,0.6212714777326148,-0.4449467721733252
590,590,2024-05-03,STARHEALTH.NS,-0.0109159108050421,0.6144897336959688,-0.4449467721733252
591,591,2024-05-06,STARHEALTH.NS,-0.0113054962637393,0.6075426223075628,-0.4449467721733252
592,592,2024-05-07,STARHEALTH.NS,-0.0196024821738463,0.595633278883927,-0.4449467721733252
593,593,2024-05-08,STARHEALTH.NS,-0.0092566875386589,0.5901196877336716,-0.4449467721733252
594,594,2024-05-09,STARHEALTH.NS,0.0042978374064115,0.5926559262018734,-0.4449467721733252
595,595,2024-05-10,STARHEALTH.NS,-0.0022327885008383,0.5913326508648962,-0.4449467721733252
596,596,2024-05-13,STARHEALTH.NS,-0.0170629825903263,0.581242752138097,-0.4449467721733252
597,597,2024-05-14,STARHEALTH.NS,0.0116676621113973,0.588024496174743,-0.4449467721733252
598,598,2024-05-15,STARHEALTH.NS,0.0178152836380685,0.5985003193602283,-0.4449467721733252
599,599,2024-05-16,STARHEALTH.NS,0.0091202435873445,0.6039587880598971,-0.4449467721733252
600,600,2024-05-17,STARHEALTH.NS,0.0122329962711387,0.6113470136621553,-0.4449467721733252
601,601,2024-05-21,STARHEALTH.NS,-0.0182179584709945,0.6002095191558916,-0.4449467721733252
602,602,2024-05-22,STARHEALTH.NS,-0.0079918715478495,0.5954127217770012,-0.4449467721733252
603,603,2024-05-23,STARHEALTH.NS,0.0164829394901351,0.6052268736417082,-0.4449467721733252
604,604,2024-05-24,STARHEALTH.NS,-0.0068324681913242,0.6010916802790167,-0.4449467721733252
605,605,2024-05-27,STARHEALTH.NS,-0.0168775483102633,0.5909467264062103,-0.4449467721733252
606,606,2024-05-28,STARHEALTH.NS,-0.0165143426346549,0.5811876296875105,-0.4449467721733252
607,607,2024-05-29,STARHEALTH.NS,-0.025139930380199,0.5665766131393336,-0.4449467721733252
608,608,2024-05-30,STARHEALTH.NS,0.0128455367417275,0.5738545938404185,-0.4449467721733252
609,609,2024-05-31,STARHEALTH.NS,0.0003842259079447,0.574075083642765,-0.4449467721733252
610,610,2024-06-03,STARHEALTH.NS,-0.0140222591919113,0.566025254024308,-0.4449467721733252
611,611,2024-06-04,STARHEALTH.NS,-0.0264951800299336,0.551028313017445,-0.4449467721733252
612,612,2024-06-05,STARHEALTH.NS,-0.0009005647309147,0.550532076353006,-0.4449467721733252
613,613,2024-06-06,STARHEALTH.NS,0.0,0.550532076353006,-0.4449467721733252
614,614,2024-06-07,STARHEALTH.NS,0.0007010638027353,0.5509180344639819,-0.4449467721733252
615,615,2024-06-10,STARHEALTH.NS,0.0199158958524743,0.5618900606616164,-0.4449467721733252
616,616,2024-06-11,STARHEALTH.NS,0.0310077287243273,0.5793129952355076,-0.4449467721733252
617,617,2024-06-12,STARHEALTH.NS,-0.0141809298907187,0.5710977982652906,-0.4449467721733252
618,618,2024-06-13,STARHEALTH.NS,-0.0019308745952104,0.5699950800352396,-0.4449467721733252
619,619,2024-06-14,STARHEALTH.NS,0.022344722862146,0.5827314621314138,-0.4449467721733252
620,620,2024-06-18,STARHEALTH.NS,0.006623143001516,0.5865909759365927,-0.4449467721733252
621,621,2024-06-19,STARHEALTH.NS,-0.0044177771729783,0.5839995477132249,-0.4449467721733252
622,622,2024-06-20,STARHEALTH.NS,-0.0016993267001391,0.5830071416889266,-0.4449467721733252
623,623,2024-06-21,STARHEALTH.NS,-0.0181578142603381,0.5724210062976884,-0.4449467721733252
624,624,2024-06-24,STARHEALTH.NS,0.0029860314024776,0.5741302733979312,-0.4449467721733252
625,625,2024-06-25,STARHEALTH.NS,0.0082588833022871,0.578871948326235,-0.4449467721733252
626,626,2024-06-26,STARHEALTH.NS,0.0009524716418194,0.5794233074412605,-0.4449467721733252
627,627,2024-06-27,STARHEALTH.NS,0.0060900411698352,0.5829520192383398,-0.4449467721733252
628,628,2024-06-28,STARHEALTH.NS,0.0567483185747526,0.6160335661398725,-0.4449467721733252
629,629,2024-07-01,STARHEALTH.NS,0.0260449067521826,0.6320781029262,-0.4449467721733252
630,630,2024-07-02,STARHEALTH.NS,-0.0069783669134941,0.6276672300059957,-0.4449467721733252
631,631,2024-07-03,STARHEALTH.NS,0.0123857829265199,0.63544138006694,-0.4449467721733252
632,632,2024-07-04,STARHEALTH.NS,0.0209110417231561,0.6487291212781396,-0.4449467721733252
633,633,2024-07-05,STARHEALTH.NS,-0.0049293956129178,0.6455312787937392,-0.4449467721733252
634,634,2024-07-08,STARHEALTH.NS,-0.01033489678136,0.6388597796582666,-0.4449467721733252
635,635,2024-07-09,STARHEALTH.NS,-0.0120825067661742,0.631140752047909,-0.4449467721733252
636,636,2024-07-10,STARHEALTH.NS,0.0052415482274263,0.6344489067380623,-0.4449467721733252
637,637,2024-07-11,STARHEALTH.NS,0.0064308896567921,0.6385289776501673,-0.4449467721733252
638,638,2024-07-12,STARHEALTH.NS,0.0071669536336236,0.6431052852267111,-0.4449467721733252
639,639,2024-07-15,STARHEALTH.NS,0.0064300410176754,0.6472404785894027,-0.4449467721733252
640,640,2024-07-16,STARHEALTH.NS,0.0041741411637743,0.6499421517139438,-0.4449467721733252
641,641,2024-07-18,STARHEALTH.NS,-0.0054292705708868,0.6464134399168644,-0.4449467721733252
642,642,2024-07-19,STARHEALTH.NS,0.0005117498920534,0.6467442419249638,-0.4449467721733252
643,643,2024-07-22,STARHEALTH.NS,-0.0074168381686914,0.6419474445460733,-0.4449467721733252
644,644,2024-07-23,STARHEALTH.NS,0.0233616336263593,0.6569443855529363,-0.4449467721733252
645,645,2024-07-24,STARHEALTH.NS,0.0292908303936738,0.6761868321282437,-0.4449467721733252
646,646,2024-07-25,STARHEALTH.NS,-8.151955638235897e-05,0.676131709677657,-0.4449467721733252
647,647,2024-07-26,STARHEALTH.NS,0.0003261048094487,0.6763521994800037,-0.4449467721733252
648,648,2024-07-29,STARHEALTH.NS,0.0042390751195675,0.6792193072608842,-0.4449467721733252
649,649,2024-07-30,STARHEALTH.NS,-0.0005682873839705,0.6788333154976186,-0.4449467721733252
650,650,2024-07-31,STARHEALTH.NS,-0.0154320993774532,0.6683574923121333,-0.4449467721733252
651,651,2024-08-01,STARHEALTH.NS,-0.006434521590495,0.6640569315976816,-0.4449467721733252
652,652,2024-08-02,STARHEALTH.NS,-0.0181833477002101,0.6519821535177064,-0.4449467721733252
653,653,2024-08-05,STARHEALTH.NS,-0.0194503171247357,0.6393008938721189,-0.4449467721733252
654,654,2024-08-06,STARHEALTH.NS,-0.0150927123760241,0.6296521093591718,-0.4449467721733252
655,655,2024-08-07,STARHEALTH.NS,0.0160245611454685,0.6397420080859711,-0.4449467721733252
656,656,2024-08-08,STARHEALTH.NS,0.0125829311139675,0.6477918377044282,-0.4449467721733252
657,657,2024-08-09,STARHEALTH.NS,-0.0130224261726058,0.6393560163227056,-0.4449467721733252
658,658,2024-08-12,STARHEALTH.NS,0.0059503488783501,0.6431604076772978,-0.4449467721733252
659,659,2024-08-13,STARHEALTH.NS,-0.0066867113828761,0.6388597796582667,-0.4449467721733252
660,660,2024-08-14,STARHEALTH.NS,-0.0109605175688759,0.631857545819274,-0.4449467721733252
661,661,2024-08-16,STARHEALTH.NS,0.0132634826979711,0.6402381774458304,-0.4449467721733252
662,662,2024-08-19,STARHEALTH.NS,0.0102480407461722,0.6467993643755504,-0.4449467721733252
663,663,2024-08-20,STARHEALTH.NS,0.017901287560347,0.6583779057910868,-0.4449467721733252
664,664,2024-08-21,STARHEALTH.NS,0.0076207819881013,0.6633952602769034,-0.4449467721733252
665,665,2024-08-22,STARHEALTH.NS,0.0136303399930239,0.6724375632242383,-0.4449467721733252
666,666,2024-08-23,STARHEALTH.NS,-0.0127090852002954,0.6638914969413424,-0.4449467721733252
667,667,2024-08-26,STARHEALTH.NS,0.0075574917120226,0.668908851427159,-0.4449467721733252
668,668,2024-08-27,STARHEALTH.NS,0.0081602578408446,0.6743673201268278,-0.4449467721733252
669,669,2024-08-28,STARHEALTH.NS,-0.0021257261367305,0.6729337998886772,-0.4449467721733252
670,670,2024-08-29,STARHEALTH.NS,-0.009995863311655,0.6662072456071974,-0.4449467721733252
671,671,2024-08-30,STARHEALTH.NS,0.0405528411982791,0.693223842243449,-0.4449467721733252
672,672,2024-09-02,STARHEALTH.NS,-0.0133620044346483,0.6839609821891881,-0.4449467721733252
673,673,2024-09-03,STARHEALTH.NS,0.0282144296654573,0.7032585512150821,-0.4449467721733252
674,674,2024-09-04,STARHEALTH.NS,-0.0117600940807526,0.6949881644896989,-0.4449467721733252
675,675,2024-09-05,STARHEALTH.NS,0.0103926819404502,0.7022109554356177,-0.4449467721733252
676,676,2024-09-06,STARHEALTH.NS,-0.0017273486291194,0.7009979923043933,-0.4449467721733252
677,677,2024-09-09,STARHEALTH.NS,-0.01203401646557,0.6925621709226707,-0.4449467721733252
678,678,2024-09-10,STARHEALTH.NS,-0.0102699026071113,0.6854496248779253,-0.4449467721733252
679,679,2024-09-11,STARHEALTH.NS,-0.0013673996449827,0.6845123413042136,-0.4449467721733252
680,680,2024-09-12,STARHEALTH.NS,-0.0113572094933044,0.6767381912432693,-0.4449467721733252
681,681,2024-09-13,STARHEALTH.NS,0.0068437544785551,0.6813696212703997,-0.4449467721733252
682,682,2024-09-16,STARHEALTH.NS,-0.0031558700922215,0.6792193072608841,-0.4449467721733252
683,683,2024-09-17,STARHEALTH.NS,-0.0120951571708504,0.6710040429860875,-0.4449467721733252
684,684,2024-09-18,STARHEALTH.NS,-0.0073130849745788,0.6660969334014443,-0.4449467721733252
685,685,2024-09-19,STARHEALTH.NS,0.0025659925905006,0.6678061331971076,-0.4449467721733252
686,686,2024-09-20,STARHEALTH.NS,0.0214663152643328,0.6821414701877717,-0.4449467721733252
687,687,2024-09-23,STARHEALTH.NS,-0.0141448437525592,0.6724926856748247,-0.4449467721733252
688,688,2024-09-24,STARHEALTH.NS,-0.0094285483810595,0.666152055852031,-0.4449467721733252
689,689,2024-09-25,STARHEALTH.NS,0.0019864463756471,0.6674753311890081,-0.4449467721733252
690,690,2024-09-26,STARHEALTH.NS,0.0061126916927953,0.6715554021011131,-0.4449467721733252
691,691,2024-09-27,STARHEALTH.NS,0.009770134986915,0.6781165890308329,-0.4449467721733252
692,692,2024-09-30,STARHEALTH.NS,-0.0127653247666753,0.6694602105421842,-0.4449467721733252
693,693,2024-10-01,STARHEALTH.NS,-0.0035413662746918,0.667089406730322,-0.4449467721733252
694,694,2024-10-03,STARHEALTH.NS,-0.0247128058605855,0.6506037557301424,-0.4449467721733252
695,695,2024-10-04,STARHEALTH.NS,-0.0166948738744703,0.6397420080859709,-0.4449467721733252
696,696,2024-10-07,STARHEALTH.NS,-0.0145652190837457,0.6304240255811233,-0.4449467721733252
697,697,2024-10-08,STARHEALTH.NS,-0.0015742949009008,0.6294315522522456,-0.4449467721733252
698,698,2024-10-09,STARHEALTH.NS,0.0120883401570168,0.6370403349614299,-0.4449467721733252
699,699,2024-10-10,STARHEALTH.NS,-0.0198199964775626,0.624414197766429,-0.4449467721733252
700,700,2024-10-11,STARHEALTH.NS,-0.032936025455298,0.6038484758541444,-0.4449467721733252
701,701,2024-10-14,STARHEALTH.NS,0.0040175535155515,0.6062744694211726,-0.4449467721733252
702,702,2024-10-15,STARHEALTH.NS,0.0226446207410964,0.6200033248462244,-0.4449467721733252
703,703,2024-10-16,STARHEALTH.NS,-0.0176967758239773,0.6090312649963002,-0.4449467721733252
704,704,2024-10-17,STARHEALTH.NS,-0.0047980507649396,0.6061091020694126,-0.4449467721733252
705,705,2024-10-18,STARHEALTH.NS,0.0014554493904035,0.6069912631925376,-0.4449467721733252
706,706,2024-10-21,STARHEALTH.NS,-0.0143519379396275,0.5982797622533021,-0.4449467721733252
707,707,2024-10-22,STARHEALTH.NS,0.00663540079641,0.6022495882642337,-0.4449467721733252
708,708,2024-10-23,STARHEALTH.NS,-0.0012817214606595,0.6014776720422821,-0.4449467721733252
709,709,2024-10-24,STARHEALTH.NS,0.0004583371425521,0.6017533515997949,-0.4449467721733252
710,710,2024-10-25,STARHEALTH.NS,-0.0105369248146883,0.5954127217770011,-0.4449467721733252
711,711,2024-10-28,STARHEALTH.NS,0.002685456383461,0.5970116766714911,-0.4449467721733252
712,712,2024-10-29,STARHEALTH.NS,-0.0095124199885956,0.5913326508648963,-0.4449467721733252
713,713,2024-10-30,STARHEALTH.NS,-0.0380420035693472,0.5688371720500223,-0.4449467721733252
714,714,2024-10-31,STARHEALTH.NS,-0.0230686516276159,0.555714865495162,-0.4449467721733252
715,715,2024-11-01,STARHEALTH.NS,0.0154777013672624,0.5643160542286446,-0.4449467721733252
716,716,2024-11-04,STARHEALTH.NS,-0.0448461401212139,0.5390086573880563,-0.4449467721733252
717,717,2024-11-05,STARHEALTH.NS,-0.0169803355160562,0.5298561095395481,-0.4449467721733252
718,718,2024-11-06,STARHEALTH.NS,0.0018730362049623,0.5308485492161362,-0.4449467721733252
719,719,2024-11-07,STARHEALTH.NS,0.0362484678609771,0.5500909957914437,-0.4449467721733252
720,720,2024-11-08,STARHEALTH.NS,-0.0343790592094842,0.5311793848765255,-0.4449467721733252
721,721,2024-11-11,STARHEALTH.NS,-0.0051899521209177,0.5284225893013977,-0.4449467721733252
722,722,2024-11-12,STARHEALTH.NS,-0.0149207517360693,0.5205381270347007,-0.4449467721733252
723,723,2024-11-13,STARHEALTH.NS,-0.0112275986230789,0.5146937338763458,-0.4449467721733252
724,724,2024-11-14,STARHEALTH.NS,0.0171397964649169,0.5235154797167545,-0.4449467721733252
725,725,2024-11-18,STARHEALTH.NS,-0.023696682464455,0.5111098996286797,-0.4449467721733252
726,726,2024-11-19,STARHEALTH.NS,-0.0030204830560611,0.5095661008370661,-0.4449467721733252
727,727,2024-11-21,STARHEALTH.NS,-0.0089807267727122,0.5049898269128121,-0.4449467721733252
728,728,2024-11-22,STARHEALTH.NS,0.0038213777778193,0.5069195838154016,-0.4449467721733252
729,729,2024-11-25,STARHEALTH.NS,0.0326299752048833,0.5234603572661679,-0.4449467721733252
730,730,2024-11-26,STARHEALTH.NS,-0.0347587941346078,0.505265506470325,-0.4449467721733252
731,731,2024-11-27,STARHEALTH.NS,-0.0033828421415375,0.5035562730223718,-0.4449467721733252
732,732,2024-11-28,STARHEALTH.NS,0.0148910947146281,0.5110547771780931,-0.4449467721733252
733,733,2024-11-29,STARHEALTH.NS,0.0135936727306726,0.518001888566499,-0.4449467721733252
734,734,2024-12-02,STARHEALTH.NS,-0.0048961954081292,0.5154656500982974,-0.4449467721733252
735,735,2024-12-03,STARHEALTH.NS,0.0373301555968823,0.5347080630213149,-0.4449467721733252
736,736,2024-12-04,STARHEALTH.NS,0.012476837258609,0.5413795285044979,-0.4449467721733252
737,737,2024-12-05,STARHEALTH.NS,0.0022405042439914,0.5425924916357223,-0.4449467721733252
738,738,2024-12-06,STARHEALTH.NS,-0.0071130984388371,0.5387329778305435,-0.4449467721733252
739,739,2024-12-09,STARHEALTH.NS,-0.0417562059281624,0.5162375326679591,-0.4449467721733252
740,740,2024-12-10,STARHEALTH.NS,-0.0121755457946527,0.5099520589480419,-0.4449467721733252
741,741,2024-12-11,STARHEALTH.NS,-0.0088658362964431,0.5054309074743744,-0.4449467721733252
742,742,2024-12-12,STARHEALTH.NS,0.0112359415902816,0.5111098996286795,-0.4449467721733252
743,743,2024-12-13,STARHEALTH.NS,0.0029126345275418,0.5125985759697064,-0.4449467721733252
744,744,2024-12-16,STARHEALTH.NS,0.0243088902755708,0.5250592785083679,-0.4449467721733252
745,745,2024-12-17,STARHEALTH.NS,0.005565460318079,0.5279814750875453,-0.4449467721733252
746,746,2024-12-18,STARHEALTH.NS,0.0180660497798565,0.5375200146993191,-0.4449467721733252
747,747,2024-12-19,STARHEALTH.NS,0.0116934691695773,0.5438054884192364,-0.4449467721733252
748,748,2024-12-20,STARHEALTH.NS,-0.0149041999279805,0.5357005026979029,-0.4449467721733252
749,749,2024-12-23,STARHEALTH.NS,-0.0218196291730967,0.5240117163811931,-0.4449467721733252
750,750,2024-12-24,STARHEALTH.NS,0.0176767543785849,0.5332745427831642,-0.4449467721733252
751,751,2024-12-26,STARHEALTH.NS,0.0061000447729973,0.5365275413704412,-0.4449467721733252
752,752,2024-12-27,STARHEALTH.NS,-0.0193196878682981,0.5261619967384189,-0.4449467721733252
753,753,2024-12-30,STARHEALTH.NS,0.0074400468531015,0.5300766666464742,-0.4449467721733252
754,754,2024-12-31,STARHEALTH.NS,-0.0119617221842789,0.5237360368236805,-0.4449467721733252
755,755,2025-01-01,STARHEALTH.NS,0.0134750894451909,0.5307934267655494,-0.4449467721733252
756,756,2025-01-02,STARHEALTH.NS,0.01516565430644,0.5388432563840064,-0.4449467721733252
757,757,2025-01-03,STARHEALTH.NS,-0.0116647534240235,0.5325577826640892,-0.4449467721733252
758,758,2025-01-06,STARHEALTH.NS,-0.0075577685512052,0.5285328342025709,-0.4449467721733252
759,759,2025-01-07,STARHEALTH.NS,0.0045900527082456,0.5309588277695991,-0.4449467721733252
760,760,2025-01-08,STARHEALTH.NS,-0.0141225083966119,0.5234603572661677,-0.4449467721733252
761,761,2025-01-09,STARHEALTH.NS,-0.0010532967919577,0.5229089981511422,-0.4449467721733252
762,762,2025-01-10,STARHEALTH.NS,-0.0244622644557234,0.5101174599520916,-0.4449467721733252
763,763,2025-01-13,STARHEALTH.NS,0.0029183010931772,0.5116061362931186,-0.4449467721733252
764,764,2025-01-14,STARHEALTH.NS,-0.0060351724040853,0.5085185050576017,-0.4449467721733252
765,765,2025-01-15,STARHEALTH.NS,0.0033612020623703,0.5102277385055547,-0.4449467721733252
766,766,2025-01-16,STARHEALTH.NS,0.0071320244346397,0.5138666952038073,-0.4449467721733252
767,767,2025-01-17,STARHEALTH.NS,-0.0085836909871244,0.509455822283603,-0.4449467721733252
768,768,2025-01-20,STARHEALTH.NS,-0.0011904497683304,0.5088493407179908,-0.4449467721733252
769,769,2025-01-21,STARHEALTH.NS,0.0039007210864718,0.5108342200711667,-0.4449467721733252
770,770,2025-01-22,STARHEALTH.NS,-0.0082028878423501,0.5066439042578885,-0.4449467721733252
771,771,2025-01-23,STARHEALTH.NS,0.0054412883525476,0.5094006998330163,-0.4449467721733252
772,772,2025-01-24,STARHEALTH.NS,-0.0142872733609925,0.502122752784221,-0.4449467721733252
773,773,2025-01-27,STARHEALTH.NS,-0.0227297814094301,0.4907096123727343,-0.4449467721733252
774,774,2025-01-28,STARHEALTH.NS,-0.0003370649359198,0.4905442113686846,-0.4449467721733252
775,775,2025-01-29,STARHEALTH.NS,-0.0140496794745365,0.4836522224308653,-0.4449467721733252
776,776,2025-01-30,STARHEALTH.NS,-0.0083219193928211,0.4796273076216369,-0.4449467721733252
777,777,2025-01-31,STARHEALTH.NS,-0.0039085231850094,0.4777526731696341,-0.4449467721733252
778,778,2025-02-01,STARHEALTH.NS,0.0214656382988316,0.4880079392481934,-0.4449467721733252
779,779,2025-02-03,STARHEALTH.NS,-0.0054231023899772,0.4853614222265286,-0.4449467721733252
780,780,2025-02-04,STARHEALTH.NS,-0.0038622781166114,0.4834868214268157,-0.4449467721733252
781,781,2025-02-05,STARHEALTH.NS,0.0022807617109332,0.4845895396568668,-0.4449467721733252
782,782,2025-02-06,STARHEALTH.NS,-0.0089885358910182,0.4802337891872491,-0.4449467721733252
783,783,2025-02-07,STARHEALTH.NS,-0.0065442160815514,0.4770910355011455,-0.4449467721733252
784,784,2025-02-10,STARHEALTH.NS,-0.032243110796832,0.4617081363833067,-0.4449467721733252
785,785,2025-02-11,STARHEALTH.NS,-0.0456174003980478,0.440646211458873,-0.4449467721733252
786,786,2025-02-12,STARHEALTH.NS,-0.0207708162757052,0.4314936299580752,-0.4449467721733252
787,787,2025-02-13,STARHEALTH.NS,0.0149501821773905,0.437944538334332,-0.4449467721733252
788,788,2025-02-14,STARHEALTH.NS,-0.0122120261313152,0.4325963481881263,-0.4449467721733252
789,789,2025-02-17,STARHEALTH.NS,0.0044608719206067,0.4345261050907158,-0.4449467721733252
790,790,2025-02-18,STARHEALTH.NS,-0.0053292111432339,0.4322104237294403,-0.4449467721733252
791,791,2025-02-19,STARHEALTH.NS,-0.0057405279498027,0.4297293077118254,-0.4449467721733252
792,792,2025-02-20,STARHEALTH.NS,-0.0003849741066541,0.429563873055486,-0.4449467721733252
793,793,2025-02-21,STARHEALTH.NS,-0.0121935570500504,0.4243259614627433,-0.4449467721733252
794,794,2025-02-24,STARHEALTH.NS,-0.0266372149822279,0.4130230996047196,-0.4449467721733252
795,795,2025-02-25,STARHEALTH.NS,-0.0226939000855029,0.4036499946492854,-0.4449467721733252
796,796,2025-02-27,STARHEALTH.NS,-0.0040978009835322,0.4019959173042087,-0.4449467721733252
797,797,2025-02-28,STARHEALTH.NS,0.0294884113563735,0.413850138277258,-0.4449467721733252
798,798,2025-03-03,STARHEALTH.NS,-0.0270450152587896,0.4026575549726973,-0.4449467721733252
799,799,2025-03-04,STARHEALTH.NS,-0.0169792737041938,0.3958207221377544,-0.4449467721733252
800,800,2025-03-05,STARHEALTH.NS,0.0229837016839038,0.4049181475356759,-0.4449467721733252
801,801,2025-03-06,STARHEALTH.NS,0.0047657950485398,0.4068479044382654,-0.4449467721733252
802,802,2025-03-07,STARHEALTH.NS,-0.0065050124262246,0.404201353764311,-0.4449467721733252
803,803,2025-03-10,STARHEALTH.NS,-0.0049106202507512,0.4022164744111349,-0.4449467721733252
804,804,2025-03-11,STARHEALTH.NS,-0.0002741771172464,0.4021061958576718,-0.4449467721733252
805,805,2025-03-12,STARHEALTH.NS,-0.0327711007526999,0.3889287331999351,-0.4449467721733252
806,806,2025-03-13,STARHEALTH.NS,0.0038275461843337,0.3904173758886723,-0.4449467721733252
807,807,2025-03-17,STARHEALTH.NS,0.0103093476625024,0.3944423243501905,-0.4449467721733252
808,808,2025-03-18,STARHEALTH.NS,0.0,0.3944423243501905,-0.4449467721733252
809,809,2025-03-19,STARHEALTH.NS,-0.0043332911871687,0.3927330909022375,-0.4449467721733252
810,810,2025-03-20,STARHEALTH.NS,0.0077214658069018,0.395765566034878,-0.4449467721733252
811,811,2025-03-21,STARHEALTH.NS,0.0154639688072764,0.4018856724030354,-0.4449467721733252
812,812,2025-03-24,STARHEALTH.NS,-0.0149540733282658,0.3958758445883411,-0.4449467721733252
813,813,2025-03-25,STARHEALTH.NS,-0.0334261838440111,0.382643225827728,-0.4449467721733252
814,814,2025-03-26,STARHEALTH.NS,0.0174351233226766,0.3893146576586212,-0.4449467721733252
815,815,2025-03-27,STARHEALTH.NS,0.0148704154695471,0.3951039283663894,-0.4449467721733252
816,816,2025-03-28,STARHEALTH.NS,-0.0046050626645227,0.3932844500172631,-0.4449467721733252
817,817,2025-04-01,STARHEALTH.NS,-0.0329454653051539,0.3803275108141628,-0.4449467721733252
818,818,2025-04-02,STARHEALTH.NS,-0.0052188687295511,0.3783426314609867,-0.4449467721733252
819,819,2025-04-03,STARHEALTH.NS,0.0218595157871761,0.3866130181863699,-0.4449467721733252
820,820,2025-04-04,STARHEALTH.NS,-0.0072732979639309,0.3838010665083658,-0.4449467721733252
821,821,2025-04-07,STARHEALTH.NS,-0.0051716358457091,0.3818161871551898,-0.4449467721733252
822,822,2025-04-08,STARHEALTH.NS,0.0098194769573556,0.3855654224069055,-0.4449467721733252
823,823,2025-04-09,STARHEALTH.NS,0.0244530772480955,0.3949936834652162,-0.4449467721733252
824,824,2025-04-11,STARHEALTH.NS,0.0058625782087462,0.3973093648264917,-0.4449467721733252
825,825,2025-04-15,STARHEALTH.NS,0.0634193918336887,0.422506483113617,-0.4449467721733252
826,826,2025-04-16,STARHEALTH.NS,0.0078298317833471,0.4258146378037702,-0.4449467721733252
827,827,2025-04-17,STARHEALTH.NS,0.0110060858919482,0.4305011902814874,-0.4449467721733252
828,828,2025-04-21,STARHEALTH.NS,0.0115266395244697,0.4354634223167173,-0.4449467721733252
829,829,2025-04-22,STARHEALTH.NS,0.0149404760386777,0.4419694531435608,-0.4449467721733252
830,830,2025-04-23,STARHEALTH.NS,0.0129740827480195,0.4477036014007424,-0.4449467721733252
831,831,2025-04-24,STARHEALTH.NS,-0.007266039918796,0.4444505691611758,-0.4449467721733252
832,832,2025-04-25,STARHEALTH.NS,-0.0132737272000255,0.4385510535522343,-0.4449467721733252
833,833,2025-04-28,STARHEALTH.NS,0.0005028455703164,0.4387715770068707,-0.4449467721733252
834,834,2025-04-29,STARHEALTH.NS,0.0007540043105027,0.4391024126672599,-0.4449467721733252
835,835,2025-04-30,STARHEALTH.NS,-0.0210949878366532,0.429839552612999,-0.4449467721733252
836,836,2025-05-02,STARHEALTH.NS,-0.0327090826046198,0.4157798951798476,-0.4449467721733252
837,837,2025-05-05,STARHEALTH.NS,-0.0103434399224164,0.4114793008131063,-0.4449467721733252
838,838,2025-05-06,STARHEALTH.NS,-0.0456920489665038,0.3926779684516511,-0.4449467721733252
839,839,2025-05-07,STARHEALTH.NS,0.0022465256367791,0.3935601295747761,-0.4449467721733252
840,840,2025-05-08,STARHEALTH.NS,-0.0054636641154404,0.3914098492175503,-0.4449467721733252
841,841,2025-05-09,STARHEALTH.NS,0.0133821660421002,0.3966477608102929,-0.4449467721733252
842,842,2025-05-12,STARHEALTH.NS,0.0380872427704224,0.411754980370619,-0.4449467721733252
843,843,2025-05-13,STARHEALTH.NS,0.0428494918627009,0.4293984720514364,-0.4449467721733252
844,844,2025-05-14,STARHEALTH.NS,0.0364663904201449,0.4450570843790778,-0.4449467721733252
845,845,2025-05-15,STARHEALTH.NS,0.0408820608287305,0.4632519351749207,-0.4449467721733252
846,846,2025-05-16,STARHEALTH.NS,0.0733158470494748,0.4972156431995784,-0.4449467721733252
847,847,2025-05-19,STARHEALTH.NS,-0.0117542423258171,0.4913712500412235,-0.4449467721733252
848,848,2025-05-20,STARHEALTH.NS,-0.0197486943222853,0.4816673094254002,-0.4449467721733252
849,849,2025-05-21,STARHEALTH.NS,0.0011446886766786,0.4822186685404257,-0.4449467721733252
850,850,2025-05-22,STARHEALTH.NS,0.0241253569747217,0.4938523660588385,-0.4449467721733252
851,851,2025-05-23,STARHEALTH.NS,0.0339398938981814,0.5106136629642414,-0.4449467721733252
852,852,2025-05-26,STARHEALTH.NS,0.0012957696130722,0.51127530063273,-0.4449467721733252
853,853,2025-05-27,STARHEALTH.NS,0.0045292917743129,0.5135910156462952,-0.4449467721733252
854,854,2025-05-28,STARHEALTH.NS,0.022007514761138,0.5248938775043189,-0.4449467721733252
855,855,2025-05-29,STARHEALTH.NS,0.0057773109243697,0.5279263526369594,-0.4449467721733252
856,856,2025-05-30,STARHEALTH.NS,-0.002297662879406,0.5267133558534453,-0.4449467721733252
857,857,2025-06-02,STARHEALTH.NS,-0.0074321947834843,0.5227987195976798,-0.4449467721733252
858,858,2025-06-03,STARHEALTH.NS,-0.0032693910368952,0.5210894861497268,-0.4449467721733252
859,859,2025-06-04,STARHEALTH.NS,-0.0115331326425531,0.5150796919873222,-0.4449467721733252
860,860,2025-06-05,STARHEALTH.NS,0.0072789420938925,0.518828927239038,-0.4449467721733252
861,861,2025-06-06,STARHEALTH.NS,-0.0010626992561104,0.5182775681240125,-0.4449467721733252
862,862,2025-06-09,STARHEALTH.NS,-0.0070212506233376,0.5146386114257598,-0.4449467721733252
863,863,2025-06-10,STARHEALTH.NS,-0.0113563706276395,0.5087941846151152,-0.4449467721733252
864,864,2025-06-11,STARHEALTH.NS,0.0035760596408993,0.5106136629642416,-0.4449467721733252
865,865,2025-06-12,STARHEALTH.NS,-0.0166288346667571,0.502122752784222,-0.4449467721733252
866,866,2025-06-13,STARHEALTH.NS,-0.0255847013074068,0.4892760921345848,-0.4449467721733252
867,867,2025-06-16,STARHEALTH.NS,0.0146495375730733,0.4964437606299168,-0.4449467721733252
868,868,2025-06-17,STARHEALTH.NS,-0.0268769564092132,0.4831008633158407,-0.4449467721733252
869,869,2025-06-18,STARHEALTH.NS,-0.0039945217430252,0.4811711064132513,-0.4449467721733252
870,870,2025-06-19,STARHEALTH.NS,-0.0177609714485977,0.4726250401303553,-0.4449467721733252
871,871,2025-06-20,STARHEALTH.NS,-0.0066495708421135,0.4694822864442518,-0.4449467721733252
872,872,2025-06-23,STARHEALTH.NS,0.012800968190326,0.4754921142589461,-0.4449467721733252
873,873,2025-06-24,STARHEALTH.NS,-0.0076531034719973,0.4718531239084036,-0.4449467721733252
874,874,2025-06-25,STARHEALTH.NS,0.0051414167759102,0.474279117475432,-0.4449467721733252
875,875,2025-06-26,STARHEALTH.NS,-0.0151127642589141,0.4671114489800999,-0.4449467721733252
876,876,2025-06-27,STARHEALTH.NS,-0.0115675019496739,0.4617081363833076,-0.4449467721733252
877,877,2025-06-30,STARHEALTH.NS,0.0095533792294759,0.4661190093035119,-0.4449467721733252
878,878,2025-07-01,STARHEALTH.NS,0.0027205911125478,0.4673871285376127,-0.4449467721733252
879,879,2025-07-02,STARHEALTH.NS,-0.0093193633364406,0.463031378067995,-0.4449467721733252
880,880,2025-07-03,STARHEALTH.NS,-0.0023815194440001,0.4619286598379439,-0.4449467721733252
881,881,2025-07-04,STARHEALTH.NS,0.0103843546595767,0.4667254908691241,-0.4449467721733252
882,882,2025-07-07,STARHEALTH.NS,-0.0029533372711163,0.4653470930815602,-0.4449467721733252
883,883,2025-07-08,STARHEALTH.NS,0.0135071379313538,0.4716326004537674,-0.4449467721733252
884,884,2025-07-09,STARHEALTH.NS,0.0104044460192791,0.4765396763861209,-0.4449467721733252
885,885,2025-07-10,STARHEALTH.NS,-0.0115700568566886,0.4710260852358654,-0.4449467721733252
886,886,2025-07-11,STARHEALTH.NS,-0.0055015946086729,0.4684346906647874,-0.4449467721733252
887,887,2025-07-14,STARHEALTH.NS,-0.0061204700109469,0.4655676501884864,-0.4449467721733252
888,888,2025-07-15,STARHEALTH.NS,0.0145665412569164,0.4723493605728426,-0.4449467721733252
889,889,2025-07-16,STARHEALTH.NS,0.026030100939907,0.4846446621074543,-0.4449467721733252
890,890,2025-07-17,STARHEALTH.NS,-0.012514220705347,0.4785797118421733,-0.4449467721733252
891,891,2025-07-18,STARHEALTH.NS,-0.0013825025426627,0.4779180741736847,-0.4449467721733252
892,892,2025-07-21,STARHEALTH.NS,0.0207660362869077,0.4878425382441445,-0.4449467721733252
893,893,2025-07-22,STARHEALTH.NS,0.0040687575392872,0.4898274512496104,-0.4449467721733252
894,894,2025-07-23,STARHEALTH.NS,-0.0039396667084834,0.487897694347021,-0.4449467721733252
895,895,2025-07-24,STARHEALTH.NS,-0.027234756420141,0.4746099194835315,-0.4449467721733252
896,896,2025-07-25,STARHEALTH.NS,-0.0123140982066172,0.4687655263251766,-0.4449467721733252
897,897,2025-07-28,STARHEALTH.NS,-0.0035285814595701,0.4671114489800999,-0.4449467721733252
898,898,2025-07-29,STARHEALTH.NS,0.0074362461074057,0.4705850046743028,-0.4449467721733252
899,899,2025-07-30,STARHEALTH.NS,0.0493262748517135,0.4937972099559624,-0.4449467721733252
900,900,2025-07-31,STARHEALTH.NS,-0.0070343769145897,0.4903236542617594,-0.4449467721733252
901,901,2025-08-01,STARHEALTH.NS,-0.0204655486976889,0.4802889116378365,-0.4449467721733252
902,902,2025-08-04,STARHEALTH.NS,-0.0005739869291853,0.4800132320803238,-0.4449467721733252
903,903,2025-08-05,STARHEALTH.NS,-0.0055134251407925,0.4773667150586591,-0.4449467721733252
904,904,2025-08-06,STARHEALTH.NS,-0.0046200046851426,0.4751612785985569,-0.4449467721733252
905,905,2025-08-07,STARHEALTH.NS,0.0041773458715326,0.4771461916040227,-0.4449467721733252
906,906,2025-08-08,STARHEALTH.NS,0.0050843115955365,0.4795721515187611,-0.4449467721733252
907,907,2025-08-11,STARHEALTH.NS,0.0008047967542601,0.479958109629737,-0.4449467721733252
908,908,2025-08-12,STARHEALTH.NS,0.0220563035118106,0.4905442113686853,-0.4449467721733252
909,909,2025-08-13,STARHEALTH.NS,-0.0002248085919827,0.4904339328152223,-0.4449467721733252
910,910,2025-08-14,STARHEALTH.NS,-0.0139404434109751,0.4835970663279897,-0.4449467721733252
911,911,2025-08-18,STARHEALTH.NS,0.0184699722471304,0.4925290907218613,-0.4449467721733252
912,912,2025-08-19,STARHEALTH.NS,-0.0176872137119412,0.4838176234349157,-0.4449467721733252
913,913,2025-08-20,STARHEALTH.NS,-0.0055840734063389,0.4811159503103747,-0.4449467721733252
914,914,2025-08-21,STARHEALTH.NS,0.0089388597826711,0.4854165783294057,-0.4449467721733252
915,915,2025-08-22,STARHEALTH.NS,0.0098818161410947,0.4902133757082962,-0.4449467721733252
916,916,2025-08-25,STARHEALTH.NS,-0.0023619116450359,0.4890555350276584,-0.4449467721733252
917,917,2025-08-26,STARHEALTH.NS,-0.0190530151229564,0.4797375525228109,-0.4449467721733252
918,918,2025-08-28,STARHEALTH.NS,0.0176991435997819,0.4882284963551201,-0.4449467721733252
919,919,2025-08-29,STARHEALTH.NS,0.009260318697946,0.4927496478287875,-0.4449467721733252
920,920,2025-09-01,STARHEALTH.NS,0.0059303879608105,0.495671844407965,-0.4449467721733252
921,921,2025-09-02,STARHEALTH.NS,-0.021690767519466,0.4849203416649669,-0.4449467721733252
922,922,2025-09-03,STARHEALTH.NS,0.027970409989696,0.4984837624336795,-0.4449467721733252
923,923,2025-09-04,STARHEALTH.NS,-0.0181395463132024,0.4894414931386343,-0.4449467721733252
924,924,2025-09-05,STARHEALTH.NS,-0.0047313418376428,0.4871257781250691,-0.4449467721733252
925,925,2025-09-08,STARHEALTH.NS,0.0222976934997523,0.4979875594215302,-0.4449467721733252
926,926,2025-09-09,STARHEALTH.NS,-0.0256864613523868,0.4851960212224796,-0.4449467721733252
927,927,2025-09-10,STARHEALTH.NS,-0.0027273004705253,0.4838727458855025,-0.4449467721733252
928,928,2025-09-11,STARHEALTH.NS,0.0111668745450703,0.4892760921345846,-0.4449467721733252
929,929,2025-09-12,STARHEALTH.NS,-0.0007888350098858,0.4888901340236087,-0.4449467721733252
930,930,2025-09-15,STARHEALTH.NS,-0.0016916657035634,0.4880630953510704,-0.4449467721733252
931,931,2025-09-16,STARHEALTH.NS,0.0186398551428634,0.497160520748992,-0.4449467721733252
932,932,2025-09-17,STARHEALTH.NS,-0.0008871994922241,0.4967194401874296,-0.4449467721733252
933,933,2025-09-18,STARHEALTH.NS,-0.0042180583029692,0.4946242486285007,-0.4449467721733252
934,934,2025-09-19,STARHEALTH.NS,0.0021179628422365,0.4956718444079651,-0.4449467721733252
935,935,2025-09-22,STARHEALTH.NS,-0.0017797281267378,0.4947896832848402,-0.4449467721733252
936,936,2025-09-23,STARHEALTH.NS,0.004791606503216,0.497160520748992,-0.4449467721733252
937,937,2025-09-24,STARHEALTH.NS,0.0120882369206443,0.5031703149113967,-0.4449467721733252
938,938,2025-09-25,STARHEALTH.NS,-0.0008766029085801,0.5027292343498342,-0.4449467721733252
939,939,2025-09-26,STARHEALTH.NS,-0.0220442814817204,0.4916469295987366,-0.4449467721733252
940,940,2025-09-29,STARHEALTH.NS,-0.0162610741297527,0.4836522224308662,-0.4449467721733252
941,941,2025-09-30,STARHEALTH.NS,0.0185818371707018,0.4926393692753246,-0.4449467721733252
942,942,2025-10-01,STARHEALTH.NS,0.024286527372167,0.5046038688018369,-0.4449467721733252
943,943,2025-10-03,STARHEALTH.NS,-0.0013112021318021,0.5039422311333484,-0.4449467721733252
944,944,2025-10-06,STARHEALTH.NS,0.0010940919037198,0.5044935902483739,-0.4449467721733252
945,945,2025-10-07,STARHEALTH.NS,0.0413114620688184,0.5253349580658816,-0.4449467721733252
946,946,2025-10-08,STARHEALTH.NS,0.0119647612931534,0.5316204654380887,-0.4449467721733252
947,947,2025-10-09,STARHEALTH.NS,-0.0072599044921988,0.5277609516329099,-0.4449467721733252
948,948,2025-10-10,STARHEALTH.NS,0.0003134013676797,0.5279263526369596,-0.4449467721733252
949,949,2025-10-13,STARHEALTH.NS,0.0019843597013708,0.5289739484164241,-0.4449467721733252
950,950,2025-10-14,STARHEALTH.NS,-0.0255367931796364,0.5154656500982983,-0.4449467721733252
951,951,2025-10-15,STARHEALTH.NS,0.037758034946135,0.534928620128242,-0.4449467721733252
952,952,2025-10-16,STARHEALTH.NS,0.0110286663290084,0.5408281693894733,-0.4449467721733252
953,953,2025-10-17,STARHEALTH.NS,0.0275257409807165,0.555714865495163,-0.4449467721733252
954,954,2025-10-20,STARHEALTH.NS,-0.017561277684581,0.5459558024287529,-0.4449467721733252
955,955,2025-10-21,STARHEALTH.NS,0.0010098969780572,0.5465071615437784,-0.4449467721733252
956,956,2025-10-23,STARHEALTH.NS,-0.0034302102221447,0.5446325270917757,-0.4449467721733252
957,957,2025-10-24,STARHEALTH.NS,-0.0118445154399853,0.538181618715519,-0.4449467721733252
958,958,2025-10-27,STARHEALTH.NS,-0.0013318182824341,0.5374648585964437,-0.4449467721733252
959,959,2025-10-28,STARHEALTH.NS,0.0148748463085532,0.5454595657643141,-0.4449467721733252
960,960,2025-10-29,STARHEALTH.NS,-0.0287071300205549,0.5298009870889625,-0.4449467721733252
961,961,2025-10-30,STARHEALTH.NS,0.0012487783758843,0.5304625911051614,-0.4449467721733252
962,962,2025-10-31,STARHEALTH.NS,0.0277518063450425,0.5451838862068014,-0.4449467721733252
963,963,2025-11-03,STARHEALTH.NS,-0.0149676253799342,0.5370237780348812,-0.4449467721733252
964,964,2025-11-04,STARHEALTH.NS,0.0031827264742685,0.5387329778305445,-0.4449467721733252
965,965,2025-11-06,STARHEALTH.NS,-0.0037866659137477,0.5366929760267818,-0.4449467721733252
966,966,2025-11-07,STARHEALTH.NS,0.0040065371698072,0.5388432563840075,-0.4449467721733252
967,967,2025-11-10,STARHEALTH.NS,0.0042975670310976,0.5411589713975727,-0.4449467721733252
968,968,2025-11-11,STARHEALTH.NS,-0.0015282730514518,0.5403319327250344,-0.4449467721733252
969,969,2025-11-12,STARHEALTH.NS,0.0155102165377869,0.5487125980038806,-0.4449467721733252
970,970,2025-11-13,STARHEALTH.NS,0.0065313504022022,0.5522964322515467,-0.4449467721733252
971,971,2025-11-14,STARHEALTH.NS,0.0431266962968777,0.5761151527511083,-0.4449467721733252
972,972,2025-11-17,STARHEALTH.NS,-0.0042109525421151,0.5736891591840799,-0.4449467721733252
973,973,2025-11-18,STARHEALTH.NS,-0.0090341416761773,0.568506370041924,-0.4449467721733252
974,974,2025-11-19,STARHEALTH.NS,-0.0151294500584897,0.5599051813084414,-0.4449467721733252
975,975,2025-11-20,STARHEALTH.NS,-0.0043328650064622,0.5574791877414131,-0.4449467721733252
976,976,2025-11-21,STARHEALTH.NS,-0.0279893071667506,0.541875731516648,-0.4449467721733252
977,977,2025-11-24,STARHEALTH.NS,0.0111925113315296,0.547940681781929,-0.4449467721733252
978,978,2025-11-25,STARHEALTH.NS,-0.0013080980166398,0.5472239216628537,-0.4449467721733252
979,979,2025-11-26,STARHEALTH.NS,-0.0129975057068638,0.5401113756181084,-0.4449467721733252
980,980,2025-11-27,STARHEALTH.NS,0.0024500045670445,0.5414346509550855,-0.4449467721733252
981,981,2025-11-28,STARHEALTH.NS,-0.0062117877657204,0.5380713738143456,-0.4449467721733252
982,982,2025-12-01,STARHEALTH.NS,-0.0142432872900154,0.5304074686545746,-0.4449467721733252
983,983,2025-12-02,STARHEALTH.NS,-0.0035343289127467,0.5285328342025719,-0.4449467721733252
984,984,2025-12-03,STARHEALTH.NS,-0.0161694141401638,0.519986767919676,-0.4449467721733252
985,985,2025-12-04,STARHEALTH.NS,-0.013890336046079,0.5127639769737572,-0.4449467721733252
986,986,2025-12-05,STARHEALTH.NS,-0.0153763309601814,0.5048795483593499,-0.4449467721733252
987,987,2025-12-08,STARHEALTH.NS,0.008408880751757,0.5091250202755047,-0.4449467721733252
988,988,2025-12-09,STARHEALTH.NS,0.0188433646511403,0.5187186486855752,-0.4449467721733252
989,989,2025-12-10,STARHEALTH.NS,-0.003295042119643,0.5170094488899118,-0.4449467721733252
990,990,2025-12-11,STARHEALTH.NS,-0.007891675714758,0.5129293779778069,-0.4449467721733252
991,991,2025-12-12,STARHEALTH.NS,-0.0011823880472653,0.5123228964121948,-0.4449467721733252
992,992,2025-12-15,STARHEALTH.NS,0.0040895261978559,0.5144180543188339,-0.4449467721733252
993,993,2025-12-16,STARHEALTH.NS,-0.0108252685808546,0.5088493407179918,-0.4449467721733252
994,994,2025-12-17,STARHEALTH.NS,0.0005417704916819,0.5091250202755047,-0.4449467721733252
995,995,2025-12-18,STARHEALTH.NS,-0.0004332081475917,0.5089044631685785,-0.4449467721733252
996,996,2025-12-19,STARHEALTH.NS,0.0083423750888746,0.5131499350847332,-0.4449467721733252
997,997,2025-12-22,STARHEALTH.NS,-0.0085956805577224,0.5087390621645288,-0.4449467721733252
998,998,2025-12-23,STARHEALTH.NS,-0.0024926712501793,0.507470942930428,-0.4449467721733252
999,999,2025-12-24,STARHEALTH.NS,-0.0147762236640006,0.4999724387747067,-0.4449467721733252
1000,1000,2025-12-26,STARHEALTH.NS,-0.0218350110934157,0.4890555350276588,-0.4449467721733252
1001,1001,2025-12-29,STARHEALTH.NS,-0.004058597052917,0.4870706556744829,-0.4449467721733252
1002,1002,2025-12-30,STARHEALTH.NS,0.0159610314650937,0.4948448057354271,-0.4449467721733252
1003,1003,2025-12-31,STARHEALTH.NS,0.0139275766016713,0.5017367946732465,-0.4449467721733252
1004,1004,2026-01-01,STARHEALTH.NS,0.0213187081473216,0.5124331749656581,-0.4449467721733252
1005,1005,2026-01-02,STARHEALTH.NS,-0.0106520595588579,0.5069747062659893,-0.4449467721733252
1006,1006,2026-01-05,STARHEALTH.NS,-0.002066366953847,0.505927110486525,-0.4449467721733252
1007,1007,2026-01-06,STARHEALTH.NS,-0.015148173222248,0.4982632389790436,-0.4449467721733252
1008,1008,2026-01-07,STARHEALTH.NS,-0.016155844222506,0.4902133757082969,-0.4449467721733252
1009,1009,2026-01-08,STARHEALTH.NS,0.0069733577519728,0.4936318089519131,-0.4449467721733252
1010,1010,2026-01-09,STARHEALTH.NS,0.0040210395065105,0.495616721957379,-0.4449467721733252
1011,1011,2026-01-12,STARHEALTH.NS,-0.0109022678406456,0.4902133757082969,-0.4449467721733252
1012,1012,2026-01-13,STARHEALTH.NS,0.0104600709520839,0.4953410423998662,-0.4449467721733252
1013,1013,2026-01-14,STARHEALTH.NS,-0.0090160690126613,0.4908750133767854,-0.4449467721733252
1014,1014,2026-01-15,STARHEALTH.NS,0.0,0.4908750133767854,-0.4449467721733252
1015,1015,2026-01-16,STARHEALTH.NS,-0.0084241268143699,0.4867398200140939,-0.4449467721733252
1016,1016,2026-01-19,STARHEALTH.NS,-0.0066832390807528,0.4834868214268171,-0.4449467721733252
1017,1017,2026-01-20,STARHEALTH.NS,-0.0078686557440492,0.4796824300722248,-0.4449467721733252
1018,1018,2026-01-21,STARHEALTH.NS,0.001954037019576,0.4806197472982261,-0.4449467721733252
1019,1019,2026-01-22,STARHEALTH.NS,-0.0002294507333145,0.4805094687447631,-0.4449467721733252
1020,1020,2026-01-23,STARHEALTH.NS,-0.0243258889352051,0.4688206487757635,-0.4449467721733252
1021,1021,2026-01-27,STARHEALTH.NS,0.0001176486211103,0.46887580487864,-0.4449467721733252
1022,1022,2026-01-28,STARHEALTH.NS,0.0361006000593986,0.4858025027880924,-0.4449467721733252
1023,1023,2026-01-29,STARHEALTH.NS,0.0225854329423045,0.4967745626380165,-0.4449467721733252
1024,1024,2026-01-30,STARHEALTH.NS,0.0416204217536071,0.5174505294514745,-0.4449467721733252
1025,1025,2026-02-02,STARHEALTH.NS,-0.002344179229655,0.5162375326679604,-0.4449467721733252
1026,1026,2026-02-03,STARHEALTH.NS,0.0043789775441078,0.518498125230939,-0.4449467721733252
1027,1027,2026-02-04,STARHEALTH.NS,-0.0008507537296412,0.5180570110170868,-0.4449467721733252
1028,1028,2026-02-05,STARHEALTH.NS,-0.0104299574793598,0.5126536984202943,-0.4449467721733252
1029,1029,2026-02-06,STARHEALTH.NS,-0.013228638367876,0.505871988035938,-0.4449467721733252
1030,1030,2026-02-09,STARHEALTH.NS,0.009809264305177,0.5108342200711679,-0.4449467721733252
1031,1031,2026-02-10,STARHEALTH.NS,0.0118726389638423,0.5168991703364488,-0.4449467721733252
1032,1032,2026-02-11,STARHEALTH.NS,0.0248533203125,0.5297458309860862,-0.4449467721733252
1033,1033,2026-02-12,STARHEALTH.NS,0.0004163451489851,0.5299663880930123,-0.4449467721733252
1034,1034,2026-02-13,STARHEALTH.NS,-0.0265293379901743,0.5159067306598609,-0.4449467721733252
1035,1035,2026-02-16,STARHEALTH.NS,0.0050229904303895,0.518498125230939,-0.4449467721733252
1036,1036,2026-02-17,STARHEALTH.NS,0.0174393480998944,0.527540394525984,-0.4449467721733252
1037,1037,2026-02-18,STARHEALTH.NS,-0.010033419427692,0.5222473604826546,-0.4449467721733252
1038,1038,2026-02-19,STARHEALTH.NS,-0.0300886820446648,0.5065336257044266,-0.4449467721733252
1039,1039,2026-02-20,STARHEALTH.NS,-0.0130619351698623,0.49991731632412,-0.4449467721733252
1040,1040,2026-02-23,STARHEALTH.NS,0.0135656640866574,0.5066990267084763,-0.4449467721733252
1041,1041,2026-02-24,STARHEALTH.NS,-0.0083786857530263,0.5024535547923217,-0.4449467721733252
1042,1042,2026-02-25,STARHEALTH.NS,0.0267749640523486,0.5159067306598609,-0.4449467721733252
1043,1043,2026-02-26,STARHEALTH.NS,0.0132520714087185,0.5227435634948039,-0.4449467721733252
1044,1044,2026-02-27,STARHEALTH.NS,-0.018036046858212,0.5133153360887829,-0.4449467721733252
1045,1045,2026-03-02,STARHEALTH.NS,-0.00902258261446,0.5086839060616525,-0.4449467721733252
1046,1046,2026-03-04,STARHEALTH.NS,-0.0031432510900128,0.5070849848194522,-0.4449467721733252
1047,1047,2026-03-05,STARHEALTH.NS,-0.0016309665979022,0.5062579461469139,-0.4449467721733252
1048,1048,2026-03-06,STARHEALTH.NS,-0.000544543665163,0.5059822665894012,-0.4449467721733252
1049,1049,2026-03-09,STARHEALTH.NS,-0.0251716642844309,0.4932458508409373,-0.4449467721733252
1050,1050,2026-03-10,STARHEALTH.NS,0.008383635372992,0.4973810442036289,-0.4449467721733252
1051,1051,2026-03-11,STARHEALTH.NS,0.0107527019948434,0.5027292343498346,-0.4449467721733252
1052,1052,2026-03-12,STARHEALTH.NS,0.0140381530646336,0.5097866242917036,-0.4449467721733252
1053,1053,2026-03-13,STARHEALTH.NS,0.0028120665041613,0.5112201781821438,-0.4449467721733252
1054,1054,2026-03-16,STARHEALTH.NS,-0.0132657329929178,0.5044384677977876,-0.4449467721733252
1055,1055,2026-03-17,STARHEALTH.NS,-0.0005465078004782,0.5041627882402747,-0.4449467721733252
1056,1056,2026-03-18,STARHEALTH.NS,0.0098425194222486,0.5091250202755047,-0.4449467721733252
1057,1057,2026-03-19,STARHEALTH.NS,-0.0196015119585676,0.4991454001021683,-0.4449467721733252
1058,1058,2026-03-20,STARHEALTH.NS,-0.001435974605653,0.4984286399830931,-0.4449467721733252
1059,1059,2026-03-23,STARHEALTH.NS,-0.0174778626028415,0.4897171726961474,-0.4449467721733252
1060,1060,2026-03-24,STARHEALTH.NS,0.0256698800716232,0.502288153788272,-0.4449467721733252
1061,1061,2026-03-25,STARHEALTH.NS,0.0080131589384948,0.5063130685975006,-0.4449467721733252
1062,1062,2026-03-27,STARHEALTH.NS,-0.0034847133285083,0.504548712698961,-0.4449467721733252
1063,1063,2026-03-30,STARHEALTH.NS,-0.0001092509983661,0.5044935902483743,-0.4449467721733252
1064,1064,2026-04-01,STARHEALTH.NS,0.0271038117955941,0.5181672895705498,-0.4449467721733252
1065,1065,2026-04-02,STARHEALTH.NS,0.0,0.5181672895705498,-0.4449467721733252
1066,1066,2026-04-06,STARHEALTH.NS,-0.0241540886378812,0.5056514309290121,-0.4449467721733252
1067,1067,2026-04-07,STARHEALTH.NS,0.0050158507725994,0.5081877030495034,-0.4449467721733252
1068,1068,2026-04-08,STARHEALTH.NS,0.0193121271099327,0.5180018885665002,-0.4449467721733252
1069,1069,2026-04-09,STARHEALTH.NS,-0.0110697439213011,0.5122677403093187,-0.4449467721733252
1070,1070,2026-04-10,STARHEALTH.NS,0.0105478948290194,0.5176710865584008,-0.4449467721733252
1071,1071,2026-04-13,STARHEALTH.NS,0.0031952283757497,0.5193251639034774,-0.4449467721733252
1072,1072,2026-04-15,STARHEALTH.NS,0.0170930833088711,0.5282020321944727,-0.4449467721733252
1073,1073,2026-04-16,STARHEALTH.NS,0.0368475864227231,0.5476650022244165,-0.4449467721733252
1074,1074,2026-04-17,STARHEALTH.NS,0.0134904103279376,0.5550532278266748,-0.4449467721733252
