Unnamed: 0,Date,Close,High,Low,Open,Volume,Ticker,SMA20,SMA50,EMA12,EMA26,RSI,Volatility
0,2025-06-19,2730.59130859375,2977.1931562071527,2693.6509508540903,2835.4220535306213,4080416,ENRIN.NS,,,2730.59130859375,2730.59130859375,,
1,2025-06-20,2636.543212890625,2864.375317298215,2605.792812181367,2630.752513447472,10030400,ENRIN.NS,,,2716.122370793269,2723.6247829861113,,
2,2025-06-23,2611.58349609375,2716.6138696475005,2504.755975310111,2504.755975310111,3288612,ENRIN.NS,,,2700.039466993343,2715.325428401492,,
3,2025-06-24,2702.037353515625,2739.5768421459047,2522.1278734914663,2606.791229899037,2439573,ENRIN.NS,,,2700.346834150617,2714.3411265580944,,
4,2025-06-25,2797.583251953125,2831.3285730400225,2665.69609307054,2665.69609307054,1348714,ENRIN.NS,,,2715.3062830433105,2720.507209920689,,
5,2025-06-26,2823.042236328125,2884.3431670242667,2748.5623879604727,2748.5623879604727,3328114,ENRIN.NS,,,2731.8810450871283,2728.1023970619804,,
6,2025-06-27,2896.5234375,2929.2706151440066,2835.42213599488,2855.389897515971,663663,ENRIN.NS,,,2757.210643919878,2740.578029687019,,
7,2025-06-30,2971.10302734375,2989.1739493190985,2887.53799274046,2920.185234619877,601274,ENRIN.NS,,,2790.117164446627,2757.6539554393694,,
8,2025-07-01,2966.710205078125,3019.1255797261483,2911.2996661645,2995.164265601338,536577,ENRIN.NS,,,2817.2853245437805,2773.139603560759,,
9,2025-07-02,2946.343017578125,2966.7100359241035,2872.06280177822,2955.228573560608,568584,ENRIN.NS,,,2837.140354241372,2785.969486080564,,
10,2025-07-03,2917.58935546875,2966.9096260881606,2876.355881551656,2943.247878797043,650654,ENRIN.NS,,,2849.5171236609685,2795.7191060352443,,
11,2025-07-04,2889.3349609375,2973.9983146929626,2875.3575285072566,2930.268870197499,654426,ENRIN.NS,,,2855.642944780435,2802.6536138057813,,
12,2025-07-07,2995.26416015625,3063.7534358266994,2887.6378769631574,2903.312520985221,1958335,ENRIN.NS,,,2877.123131761329,2816.921061683594,,
13,2025-07-08,3041.988525390625,3101.4925521041414,3017.228696151314,3025.1158644376465,1519432,ENRIN.NS,,,2902.4870384735286,2833.592725661893,71.83867484818879,
14,2025-07-09,3121.460205078125,3154.9062043968897,3050.6745905859,3063.753327653348,1519442,ENRIN.NS,,,2936.1752179511586,2854.9162426556877,74.66296747598017,
15,2025-07-10,3135.238037109375,3224.7933963005653,3094.803321149569,3139.930412187393,821004,ENRIN.NS,,,2966.800267052423,2875.6808200226274,85.01330833934414,
16,2025-07-11,3171.579345703125,3191.846672353316,3094.0046411082035,3139.630927337374,1046411,ENRIN.NS,,,2998.3047406909927,2897.599229332294,88.69876268184467,
17,2025-07-14,3071.1416015625,3177.869187423897,3038.5940533850558,3171.579293911436,894477,ENRIN.NS,,,3009.5104115943013,2910.4542198678646,75.15993610876555,
18,2025-07-15,3048.777587890625,3068.146462616074,2961.3189395717395,3067.048138244821,884299,ENRIN.NS,,,3015.5515156398897,2920.700395276958,69.02024898621968,
19,2025-07-16,3081.3251953125,3124.9547058751405,3000.156195257124,3046.9804989421677,767166,ENRIN.NS,2927.787976074219,,3025.67054328183,2932.598528612924,69.34928155805753,
20,2025-07-17,3049.27685546875,3178.8676782891257,3025.515170179356,3124.95472143372,758679,ENRIN.NS,2943.7222534179687,,3029.302283618279,2941.241367639281,62.20095208603251,0.021062996637144202
21,2025-07-18,3032.603759765625,3077.830788043399,2985.1803264853397,3055.466749048233,505495,ENRIN.NS,2963.525280761719,,3029.810203025563,2948.0089522412327,55.41300348236192,0.019054065428387116
22,2025-07-21,3052.970703125,3083.022280756857,2990.771322963613,3029.1093263653843,364458,ENRIN.NS,2985.5946411132813,,3033.373356887015,2955.783896751141,57.3845911401543,0.018648635527814955
23,2025-07-22,3037.49560546875,3126.851332991626,3025.115691556589,3059.060884135112,401792,ENRIN.NS,3002.3675537109375,,3034.007548976512,2961.8366159154084,57.86930696074336,0.017756213834812854
24,2025-07-23,3005.7470703125,3069.144709578317,2971.202747323949,3040.091520699404,461601,ENRIN.NS,3012.775744628906,,3029.6597830282026,2965.0892421670446,57.571603269074636,0.016694864954269445
25,2025-07-24,3000.45556640625,3025.1157017602936,2975.196300741147,3007.1447173934007,485288,ENRIN.NS,3021.6464111328123,,3025.1668266248253,2967.708969888467,59.935725038332706,0.016687509585836938
26,2025-07-25,2972.700439453125,3010.63918561575,2953.2318723433564,2998.1593349043605,343613,ENRIN.NS,3025.4552612304688,,3017.095074752256,2968.078708374738,47.65461197977334,0.01599579564970741
27,2025-07-28,3012.33642578125,3045.0836031149856,2925.2770351235763,2972.0016453896437,753781,ENRIN.NS,3027.5169311523437,,3016.3629749105626,2971.3570578122576,46.871711182096774,0.01522430075886651
28,2025-07-29,3029.608642578125,3040.0917174659385,2957.225506447984,2986.1787609000403,623985,ENRIN.NS,3030.6618530273436,,3018.4007699363415,2975.6719900171365,38.84580080973964,0.015252907657702246
29,2025-07-30,3221.6982421875,3269.720804013987,3032.0045161531007,3032.0045161531007,1303514,ENRIN.NS,3044.4296142578123,,3049.6773041288275,2993.896156844571,57.32655090359988,0.020498354131672045
30,2025-07-31,3232.6806640625,3271.817671763839,3174.8740917770924,3187.85313680637,566282,ENRIN.NS,3060.1841796875,,3077.8316671955463,3011.583898119973,55.4101816587641,0.020219987102960565
31,2025-08-01,3163.692138671875,3242.6644881042807,3139.930454053941,3226.790215422048,439298,ENRIN.NS,3073.9020385742188,,3091.040970499597,3022.8511751978917,58.678147578894645,0.020834263852395965
32,2025-08-04,3228.3876953125,3244.5615329697453,3111.5762934866093,3164.8901178467727,861099,ENRIN.NS,3085.558215332031,,3112.171235855428,3038.076102613789,65.6027879944196,0.019817804538797838
33,2025-08-05,3254.64501953125,3413.488651530981,3234.8771316683333,3364.5676383911687,1643505,ENRIN.NS,3096.1910400390625,,3134.090279497862,3054.1182446076746,65.22271474226469,0.019656237711163628
34,2025-08-06,3156.703369140625,3283.6982797035503,3135.936849057115,3269.7208470748333,628232,ENRIN.NS,3097.9531982421877,,3137.5692163659796,3061.7171427212265,58.45646893861676,0.020270314726606134
35,2025-08-07,3170.181640625,3193.843388785309,3112.4747622814007,3156.703401878954,576167,ENRIN.NS,3099.7003784179688,,3142.586512405829,3069.751549973358,60.88469182970619,0.020268970139225344
36,2025-08-08,3078.9287109375,3204.326343485976,3069.743589922132,3194.8416573158192,569835,ENRIN.NS,3095.0678466796876,,3132.793004487625,3070.4313396744055,51.84658627116843,0.021124657107159023
37,2025-08-11,3107.582763671875,3159.798264054549,3035.8984524309,3085.019096085169,1120311,ENRIN.NS,3096.8899047851564,,3128.914505900586,3073.183297007551,54.89405591365587,0.01997739683793811
38,2025-08-12,3142.027099609375,3212.9126504815586,3110.9771340524458,3118.964238376072,676128,ENRIN.NS,3101.552380371094,,3130.9318280096304,3078.28283794102,59.48048833593697,0.020009565401698865
39,2025-08-13,3157.30224609375,3197.936834395304,3140.4295856850704,3184.8578535480447,435126,ENRIN.NS,3105.3512329101563,,3134.9888154071873,3084.1361274338146,60.76174682144831,0.019914229344625035
40,2025-08-14,3168.184814453125,3201.8304426344166,3150.7130237621045,3168.7837010285693,291868,ENRIN.NS,3111.296630859375,,3140.0958921834854,3090.361956101912,63.73071673057269,0.0197219932527181
41,2025-08-18,3162.9931640625,3252.748149005536,3137.434333410036,3145.9206315274537,1013198,ENRIN.NS,3117.8161010742188,,3143.6185493956414,3095.742045580474,61.12011723255063,0.019663193313422776
42,2025-08-19,3190.049560546875,3203.927301177084,3150.912796363013,3169.8821699786336,316378,ENRIN.NS,3124.6700439453125,,3150.7617818804465,3102.727787429837,61.67368687320853,0.019689256902873348
43,2025-08-20,3289.688720703125,3325.3311263783207,3184.857972395438,3199.8337935822506,824347,ENRIN.NS,3137.2796997070313,,3172.1351570839356,3116.5767454500806,55.71598342401957,0.02061792254625381
44,2025-08-21,3292.1845703125,3382.5386881633813,3274.7127795678543,3299.672480631634,618164,ENRIN.NS,3151.6015747070314,,3190.604297580638,3129.5847324769265,55.074930433341365,0.020349395165971458
45,2025-08-22,3368.561279296875,3388.529040288558,3298.774052129777,3300.171697900362,572409,ENRIN.NS,3170.0068603515624,,3217.9822947677512,3147.286698908034,67.25528838324101,0.02069125015811991
46,2025-08-25,3377.247314453125,3409.9944922748946,3351.289224334798,3393.5210889305718,417287,ENRIN.NS,3190.2342041015627,,3242.484605488578,3164.320818578041,63.84400453921888,0.02039928291104979
47,2025-08-26,3331.620849609375,3403.904045341506,3319.640193272752,3373.4532104859213,323462,ENRIN.NS,3206.1984252929688,,3256.197873814854,3176.7134134692506,56.90984393005057,0.020811507251799748
48,2025-08-28,3373.55322265625,3432.358181332159,3315.746652030846,3334.5161523826728,736641,ENRIN.NS,3223.395654296875,,3274.2525428673766,3191.294140075695,71.6420499760485,0.020876147662912865
49,2025-08-29,3369.459716796875,3434.3549397454726,3351.089474261028,3434.3549397454726,265904,ENRIN.NS,3230.783728027344,3071.7265478515624,3288.899800394992,3204.49159020319,70.26801938595258,0.015854937350894573
50,2025-09-01,3486.670654296875,3574.2292379978526,3369.5596866599867,3369.5596866599867,720880,ENRIN.NS,3243.4832275390627,3086.848134765625,3319.3260856106663,3225.393743099018,89.39039513723692,0.0174371851906575
51,2025-09-02,3519.817138671875,3589.7043035299184,3504.342123596165,3504.342123596165,446967,ENRIN.NS,3261.2894775390623,3104.51361328125,3350.1708630046983,3247.2028835118226,89.48169334458188,0.01641844541521918
52,2025-09-03,3431.5595703125,3582.2162254387267,3419.4789777390297,3525.308108144968,319732,ENRIN.NS,3271.4480712890627,3120.913134765625,3362.692202590514,3260.858934385947,75.13866354752292,0.017361830460187796
53,2025-09-04,3383.836669921875,3465.3049886332547,3355.78186819062,3464.40653688621,314128,ENRIN.NS,3277.9076538085938,3134.54912109375,3365.9451975645698,3269.968396277497,68.6197185585749,0.017727821488445716
54,2025-09-05,3420.27783203125,3470.29692711128,3379.8431159874312,3393.520983529381,194795,ENRIN.NS,3291.086376953125,3147.0030126953125,3374.3040644055973,3281.1024285555527,69.88500443505353,0.01610283314017784
55,2025-09-08,3496.255126953125,3523.311541474905,3412.490464369857,3420.277940159089,220861,ENRIN.NS,3307.3900512695313,3160.4672705078124,3393.065766335986,3297.0396654738915,73.64690906936531,0.016602543262913886
56,2025-09-09,3452.62548828125,3511.330754073464,3424.470994163202,3493.4597055677714,284896,ENRIN.NS,3326.0748901367188,3171.5893115234376,3402.228800481412,3308.564541237399,68.20318849577023,0.01519490750702656
57,2025-09-10,3377.646728515625,3476.886403746852,3329.624165540776,3464.406553051422,706150,ENRIN.NS,3339.578088378906,3179.720185546875,3398.4469432559063,3313.6817402950455,56.31360022206847,0.016362434692160435
58,2025-09-11,3352.68701171875,3458.9154028512858,3335.215220825433,3386.2327039856696,418414,ENRIN.NS,3350.111083984375,3187.4397216796874,3391.4069537886517,3316.5710196597647,54.20717061672845,0.01648044036828511
59,2025-09-12,3380.941162109375,3423.472590124185,3346.6966473253947,3369.5596359490014,381267,ENRIN.NS,3361.2930297851562,3196.1316845703127,3389.79683199184,3321.3391783597363,50.9226091272585,0.016516578389232674
60,2025-09-15,3396.91552734375,3443.4405096643786,3387.530776831324,3394.519493435456,440197,ENRIN.NS,3372.7295654296877,3205.7182080078123,3390.8920158921337,3326.937426432626,51.45001906096232,0.016518603282826026
61,2025-09-16,3455.321044921875,3478.2839696743026,3409.39519541702,3409.495131719123,294625,ENRIN.NS,3387.3459594726564,3217.0379296875,3400.8041742044015,3336.447324098496,58.951012482192525,0.016738325647725875
62,2025-09-17,3493.958984375,3520.31633190232,3419.4791369158947,3457.3179472386983,551483,ENRIN.NS,3402.5414306640623,3227.011826171875,3415.1356834614166,3348.1148544893485,58.754364028688094,0.01678157394909784
63,2025-09-18,3469.19873046875,3534.293580432384,3463.1084660657853,3504.242003619708,435534,ENRIN.NS,3411.5169311523437,3235.5560302734375,3423.4530753086983,3357.084030487823,57.04016882715379,0.015747574138949456
64,2025-09-19,3430.06201171875,3469.498338884802,3405.50156869372,3464.4064624354173,584304,ENRIN.NS,3418.4108032226563,3241.72806640625,3424.4698347563985,3362.489806875299,45.50926408321542,0.016055920880898657
65,2025-09-22,3522.912109375,3560.7509183121792,3427.366179656329,3427.4661159584216,792460,ENRIN.NS,3426.1283447265623,3249.4815478515625,3439.6148000823373,3374.372940393796,50.224277762621874,0.01634338377413615
66,2025-09-23,3600.6865234375,3619.1567024707992,3510.2324680782926,3560.2518071754125,839211,ENRIN.NS,3437.3003051757814,3258.06369140625,3464.395065213901,3391.1369095081445,62.444902423215495,0.01692764661672717
67,2025-09-24,3504.541748046875,3604.2808623026335,3464.306660151286,3604.180925996985,698304,ENRIN.NS,3445.9463500976562,3266.7316943359374,3470.5714779574355,3399.5372679184206,58.291040320903676,0.017850769739449247
68,2025-09-25,3522.113525390625,3551.266408643566,3466.403421650397,3493.4598361788203,487362,ENRIN.NS,3453.374365234375,3276.1984130859373,3478.5010237163874,3408.6169906941395,57.18108137235559,0.017709443751865898
69,2025-09-26,3510.531982421875,3602.283989674799,3470.396831907004,3510.332353563011,616010,ENRIN.NS,3460.427978515625,3284.782548828125,3483.4288635172315,3416.1662493406384,51.10731725421374,0.01773719910057602
70,2025-09-29,3504.941162109375,3567.9393013897898,3455.221388806434,3509.833166022436,2644655,ENRIN.NS,3461.34150390625,3293.8958349609375,3486.738447916023,3422.742168804989,54.312057017312625,0.016000079490883803
71,2025-09-30,3427.2666015625,3509.134422970876,3397.5145884476,3479.482346161406,432263,ENRIN.NS,3456.713977050781,3301.789091796875,3477.5889330924037,3423.077311972212,54.07176408317943,0.016605197272622527
72,2025-10-01,3393.720703125,3441.343765656004,3379.443704872227,3424.4711046508746,271735,ENRIN.NS,3454.8220336914064,3308.604091796875,3464.686128482034,3420.9027483539003,53.320400011063136,0.01577974781471681
73,2025-10-03,3352.28759765625,3429.4630447638174,3339.708054133317,3392.5226859119216,363956,ENRIN.NS,3453.244580078125,3314.899931640625,3447.3940468165283,3415.8201445985187,47.72980578441579,0.0157078469106727
74,2025-10-06,3231.18310546875,3364.368222448644,3221.798354955012,3346.297300585169,682384,ENRIN.NS,3443.78984375,3319.40865234375,3414.130825070716,3402.1433268852024,38.74424478133817,0.017372407763070048
75,2025-10-07,3277.009033203125,3350.590181222512,3240.467934323859,3245.759439557326,425040,ENRIN.NS,3432.8275390625,3324.9397216796874,3393.0351647833945,3392.8741199457895,37.67937765140192,0.01685131663898423
76,2025-10-08,3336.8125,3347.595139715396,3254.745050841691,3279.7047521518266,517546,ENRIN.NS,3427.0368896484374,3332.221962890625,3384.3855240474877,3388.7214073572122,39.45039355005356,0.0173445488831497
77,2025-10-09,3235.875732421875,3344.600097803887,3226.7903033140783,3344.600097803887,469760,ENRIN.NS,3419.94833984375,3336.6927490234375,3361.537863797393,3377.39950551015,35.78987311130811,0.017960451569605376
78,2025-10-10,3230.284423828125,3254.744930205436,3205.923853751184,3235.8754942131973,267763,ENRIN.NS,3413.8282104492187,3340.7062646484374,3341.3450268790443,3366.502092052222,37.314564278957455,0.017915388418295344
79,2025-10-13,3178.268310546875,3240.7674978062314,3166.0880255090947,3222.3972558227338,193664,ENRIN.NS,3403.6945678710936,3339.837666015625,3316.25630128948,3352.5588489777515,26.918957912109434,0.018024579958475884
80,2025-10-14,3192.146240234375,3204.825720034627,3129.946614426341,3178.168807187495,335064,ENRIN.NS,3393.456103515625,3339.0269775390625,3297.1624457425405,3340.6764335152793,20.07901061854936,0.01801674599737945
81,2025-10-15,3139.131591796875,3198.835244676012,3124.954530535554,3198.835244676012,347219,ENRIN.NS,3377.646630859375,3338.5357666015625,3272.8500066739766,3325.747185980583,21.433064902781723,0.017608562536898704
82,2025-10-16,3134.838623046875,3176.5712933825885,3105.186545932346,3148.9159924205137,324000,ENRIN.NS,3359.6906127929688,3336.66478515625,3251.617486115961,3311.605810948456,19.0818007532895,0.017234733185975126
83,2025-10-17,3111.676025390625,3153.708260317282,3103.289663165143,3140.7292155058403,208531,ENRIN.NS,3341.8144775390624,3333.8054052734374,3230.0880306197555,3296.796197203432,18.735355289013214,0.01723654505649055
84,2025-10-20,3095.8017578125,3142.925625687108,3090.0110582914867,3111.8756593957487,196576,ENRIN.NS,3325.10146484375,3332.587373046875,3209.428604034024,3281.907720211511,18.43810490956325,0.017178628062677108
85,2025-10-21,3139.630859375,3153.907857272564,3099.994902447392,3118.964275441434,34372,ENRIN.NS,3305.93740234375,3331.976357421875,3198.6904894710974,3271.3686934828806,26.588660396914733,0.016121135567854463
86,2025-10-23,3136.835205078125,3194.841646216065,3120.262110286624,3159.8980657105767,286511,ENRIN.NS,3282.744836425781,3333.1344873046874,3189.174291872179,3261.4032498973434,27.989733312972874,0.014809123585113146
87,2025-10-24,3133.341064453125,3179.8660466533893,3109.978880792875,3144.9224637231323,327942,ENRIN.NS,3264.1848022460936,3333.6496533203126,3180.58456457694,3251.9171620866605,29.93596458296885,0.014083770413158087
88,2025-10-27,3148.31689453125,3160.0979227015964,3088.912803383349,3134.9385916707274,365706,ENRIN.NS,3245.494970703125,3333.77544921875,3175.6203076468337,3244.243068193667,40.5724732439558,0.014074662731528038
89,2025-10-28,3096.301025390625,3149.91441695515,3082.623157337417,3148.0175770871992,334524,ENRIN.NS,3224.7834228515626,3332.5554248046874,3163.4173411458783,3233.2843983564044,29.72673907756088,0.014274905191220032
90,2025-10-29,3129.247802734375,3144.822510508444,3039.5925045487675,3096.999819054123,747722,ENRIN.NS,3205.9987548828126,3331.7766845703127,3158.1604890825697,3225.5779838658837,25.220532986535133,0.014735600814263932
91,2025-10-30,3201.331298828125,3210.815985352019,3116.8675718638747,3144.9223737123325,736839,ENRIN.NS,3194.7019897460937,3332.543447265625,3164.8021521203473,3223.781933122346,45.57089374702627,0.015499706436977897
92,2025-10-31,3180.465087890625,3242.7644050704853,3167.985237193771,3205.824047007798,323249,ENRIN.NS,3184.039208984375,3332.3517578125,3167.2118345465437,3220.573277919996,43.85319232766588,0.015444694958275986
93,2025-11-03,3201.131591796875,3231.782055591999,3172.87716177676,3193.5437452642163,211143,ENRIN.NS,3176.481408691406,3330.580615234375,3172.430258738902,3219.1331530219873,53.057438631178506,0.015432104754720649
94,2025-11-04,3240.16845703125,3292.6837655882823,3182.062321682049,3219.8014384542785,551946,ENRIN.NS,3176.9306762695314,3329.54029296875,3182.851520014648,3220.6913236893397,56.01699327451517,0.013501279292964002
95,2025-11-06,3180.465087890625,3298.67413619239,3145.3216333306177,3274.712822854431,697833,ENRIN.NS,3172.103479003906,3325.778369140625,3182.484376610952,3217.7116025190644,55.093548088182025,0.013694675798392002
96,2025-11-07,3222.996337890625,3237.972159029216,3090.011094929351,3169.8821410018386,464412,ENRIN.NS,3166.4126708984377,3322.693349609375,3188.716986038594,3218.103064398439,59.92807456490061,0.013365776860284492
97,2025-11-10,3276.8095703125,3304.564563561447,3232.680622778844,3243.662891509519,357564,ENRIN.NS,3168.459362792969,3321.5971240234376,3202.2696913115024,3222.4516944661473,67.39593486943797,0.012145114928497952
98,2025-11-11,3242.964111328125,3323.2346591742594,3219.8015566313884,3306.2620618214737,297925,ENRIN.NS,3169.0933471679687,3318.985341796875,3208.5303713140597,3223.97113275222,64.93719349458914,0.012385458005587716
99,2025-11-12,3278.30712890625,3294.680595579386,3245.2603866456952,3272.716058275524,324320,ENRIN.NS,3174.0952880859377,3317.1622900390626,3219.2652570974738,3227.996021356222,64.32257862796062,0.01197169251652837
100,2025-11-14,3252.34912109375,3297.6758426246315,3225.79190055107,3275.2121107266435,284739,ENRIN.NS,3177.105432128906,3312.475859375,3224.35508232767,3229.799954670113,61.38561636023157,0.012137292534606738
101,2025-11-17,3290.786865234375,3307.260267639532,3268.72239239288,3268.72239239288,217701,ENRIN.NS,3184.688195800781,3307.89525390625,3234.575356621009,3234.317503600799,64.51852992505903,0.011619642465879815
102,2025-11-18,3343.501708984375,3374.551675449625,3307.1604807475987,3311.653227061067,539522,ENRIN.NS,3195.1213500976564,3306.1340966796874,3251.333256984604,3242.405222518101,66.82736083403809,0.01196612007243247
103,2025-11-19,3309.556396484375,3386.5322114063883,3299.073322127132,3327.627317399025,412298,ENRIN.NS,3205.0153686523436,3304.6484912109377,3260.2906630614916,3247.3793835526394,68.97654148797963,0.012111080739755838
104,2025-11-20,3340.6064453125,3382.6386800939567,3309.6564154844405,3328.6257886048643,493812,ENRIN.NS,3217.2556030273436,3303.0550634765623,3272.6469372539545,3254.2850918311474,68.87146369184664,0.01202398015236358
105,2025-11-21,3327.52734375,3378.5450692148106,3264.7288346136024,3353.086174632961,362284,ENRIN.NS,3226.650427246094,3299.6805078125,3281.0900767148846,3259.7104438251363,62.59464274662668,0.01188938607460422
106,2025-11-24,3157.801513671875,3371.3568670494747,3068.6456544542525,3342.603242024577,14975770,ENRIN.NS,3227.6987426757814,3293.7840283203127,3262.122605477499,3252.1616341841536,48.25624730444348,0.016951221523946878
107,2025-11-25,3092.507080078125,3288.6903379426453,3017.2287162895063,3244.7612623902846,2473410,ENRIN.NS,3225.6570434570312,3288.0812353515626,3236.0279092622104,3240.3353709170406,42.1794188535125,0.01759958092217603
108,2025-11-26,3108.680908203125,3151.811224402273,3092.8066352695023,3124.9546826160063,934038,ENRIN.NS,3223.675244140625,3283.20111328125,3216.4360629454277,3230.5831884937875,40.211098981910524,0.01760698895290946
109,2025-11-27,3106.58447265625,3147.0191902272345,3083.321981452413,3127.949880244304,724788,ENRIN.NS,3224.189416503906,3277.7139794921877,3199.5358182855543,3221.3980984317477,43.983746981585135,0.017199113997327972
110,2025-11-28,3154.507080078125,3233.778996257221,3112.974038385309,3129.747006905373,961631,ENRIN.NS,3225.4523803710936,3272.865810546875,3192.608320099796,3216.4432081833315,44.47132155225217,0.017382727870166943
111,2025-12-01,3135.8369140625,3169.382849884253,3108.98037314209,3164.8901036802904,258130,ENRIN.NS,3222.1776611328123,3266.4761279296877,3183.8742576325194,3210.472371581788,37.935728982631844,0.01659934264616674
112,2025-12-02,3189.151123046875,3192.5455450523464,3134.339470684939,3139.930541484989,443633,ENRIN.NS,3222.611962890625,3260.379970703125,3184.686083080882,3208.8930198384614,45.54325760455505,0.017008467204277455
113,2025-12-03,3145.421630859375,3208.8192736334017,3118.465152829474,3194.84184058086,274280,ENRIN.NS,3219.82646484375,3253.9044287109373,3178.645398123727,3204.19143546964,39.1453292124197,0.017218409983283882
114,2025-12-04,3095.701904296875,3184.8580095519324,3085.0192004750693,3144.9224859211868,305254,ENRIN.NS,3212.603137207031,3247.2172265625,3165.8848606119036,3196.155173901287,37.68252270363392,0.017250188004342828
115,2025-12-05,3093.205810546875,3132.9417037220846,3070.0432565154274,3112.973942704098,372926,ENRIN.NS,3208.2401733398438,3238.6231005859377,3154.7034682942067,3188.5292951342935,33.53304939279427,0.016818914640136875
116,2025-12-08,2949.03857421875,3114.770985088785,2926.874408984341,3095.002853597041,518818,ENRIN.NS,3194.54228515625,3225.5901416015627,3123.062715359521,3170.789241733142,21.47295589444724,0.019246090122608927
117,2025-12-09,3027.911376953125,3037.7953213130404,2928.2721991629764,2947.241572427244,563954,ENRIN.NS,3182.097375488281,3216.0575341796875,3108.4240479123832,3160.2056961938815,30.874614630161005,0.019940405556406488
118,2025-12-10,2991.47021484375,3073.936922955673,2976.893651562124,3037.096500770604,409895,ENRIN.NS,3169.5226806640626,3205.44466796875,3090.431150517209,3147.706771649427,26.46388300785776,0.01997365590449378
119,2025-12-11,2900.716552734375,2970.2044587470896,2891.3318025316207,2970.2044587470896,653327,ENRIN.NS,3150.6431518554687,3193.248359375,3061.24428931985,3129.4111998779417,23.9551858352867,0.020494209330930952
120,2025-12-12,2888.935791015625,2949.537897573254,2883.34472037479,2915.3930746340225,380471,ENRIN.NS,3132.4724853515627,3180.928251953125,3034.7352895807385,3111.598206628881,29.675501655822245,0.020492338786190088
121,2025-12-15,2940.85205078125,2994.16587720463,2898.919751067147,2900.3173968921137,456360,ENRIN.NS,3114.9757446289063,3171.1999609375,3020.291714380817,3098.9503432327606,38.2992061198803,0.020812890847429717
122,2025-12-16,2974.996826171875,3019.325159076945,2937.35764460086,2953.1319811433177,612192,ENRIN.NS,3096.550500488281,3162.8254833984374,3013.32327004098,3089.7686012282506,39.964040116713825,0.02059636585909061
123,2025-12-17,2966.90966796875,3007.544012149452,2929.6697456003326,2977.19311345478,356990,ENRIN.NS,3079.4181640625,3155.1179248046874,3006.182715876021,3080.6679395053243,39.60777859882626,0.02057728192471795
124,2025-12-18,2834.822998046875,2959.6215072189584,2823.441471509216,2957.22547334169,768526,ENRIN.NS,3054.1289916992187,3147.19072265625,2979.819682363845,3062.457203100995,28.86191067486216,0.02203861505990274
125,2025-12-19,2742.572021484375,2870.3656941272584,2697.644558445861,2855.3898731144204,4395833,ENRIN.NS,3024.8812255859375,3136.501982421875,2943.3200422285418,3038.7620044627265,26.302519697966957,0.02268359122967115
126,2025-12-22,2612.2822265625,2717.612161552885,2572.3467061869983,2717.612161552885,4675842,ENRIN.NS,2997.605261230469,3122.011376953125,2892.3911475106893,3007.1709098034507,18.189829652344528,0.0223566114749285
127,2025-12-23,2589.219482421875,2650.620347758932,2559.966907429692,2625.7605827066645,1736147,ENRIN.NS,2972.440881347656,3109.078251953125,2845.7493528816412,2976.211544812223,18.61409037781503,0.022192773465711347
128,2025-12-24,2591.316162109375,2606.791176754991,2576.639906646498,2592.61411531294,573553,ENRIN.NS,2946.572644042969,3096.29888671875,2806.6057850705233,2947.700775723123,19.921421620497824,0.02206941480179874
129,2025-12-26,2620.86865234375,2639.738089600378,2594.710689589826,2600.80095439069,488094,ENRIN.NS,2922.2868530273436,3085.1508935546876,2778.030841574097,2923.4909888061325,22.713146959705796,0.022465925485138462
130,2025-12-29,2574.343505859375,2642.233891121519,2567.853983738729,2634.745980982312,390571,ENRIN.NS,2893.278674316406,3072.7948388671875,2746.6943283872165,2897.6282122915577,25.60137659177167,0.021844193914702097
131,2025-12-30,2570.35009765625,2578.337202251803,2536.0056453942098,2573.944392223084,300101,ENRIN.NS,2865.0043334960938,3061.419208984375,2719.5644467362986,2873.3853889852385,16.986048386216012,0.021907621361554986
132,2025-12-31,2555.973388671875,2589.818646655547,2551.9798364025523,2569.850885308935,215819,ENRIN.NS,2833.3454467773436,3049.841904296875,2694.3965916494644,2849.873388962026,17.54466850819682,0.021025057487912783
133,2026-01-01,2534.9072265625,2562.5625264447426,2522.0281183808843,2556.971699684424,203170,ENRIN.NS,2802.8197265625,3038.3065283203123,2669.85976625147,2826.542562117617,19.578240723257224,0.021020650638725342
134,2026-01-02,2542.5947265625,2553.377365948177,2517.834654870557,2536.903963587221,181253,ENRIN.NS,2775.1643676757812,3027.2423876953126,2650.2805293762435,2805.5093891135343,20.999840138748112,0.021192603082773456
135,2026-01-05,2560.3662109375,2582.7300062540285,2541.496773873372,2542.894419675497,383932,ENRIN.NS,2748.5223876953123,3015.6570947265627,2636.4475573087448,2787.350635174569,16.208574622703935,0.021432732352338515
136,2026-01-06,2617.7734375,2623.7637657322657,2563.3612893902555,2569.65118278355,424253,ENRIN.NS,2731.959130859375,3005.275859375,2633.574615799707,2774.7893612727494,19.533402157250862,0.02063257706204119
137,2026-01-07,2599.103759765625,2616.775180184181,2569.850940020634,2614.878340314704,162918,ENRIN.NS,2710.51875,2994.59111328125,2628.271407179079,2761.7756130129624,19.18705512420422,0.019164044772036995
138,2026-01-08,2523.725341796875,2636.9424482823697,2509.747909206217,2593.9120699122363,419780,ENRIN.NS,2687.1315063476563,2982.0992822265625,2612.187397120278,2744.1422595895483,21.20151005755828,0.01974538317175575
139,2026-01-09,2399.92529296875,2528.517725217398,2381.355177355896,2515.738309163709,860998,ENRIN.NS,2662.091943359375,2968.171767578125,2579.5316887892736,2718.6447065065263,20.031465785442464,0.021233454585987403
140,2026-01-12,2369.873779296875,2403.91891093498,2317.458404155774,2400.1249874134437,859118,ENRIN.NS,2636.1388427734373,2952.984287109375,2547.276625790443,2692.809823009515,24.290593289021572,0.021209678386452255
141,2026-01-13,2400.524169921875,2419.893044662874,2364.3825706590524,2379.158762794689,426428,ENRIN.NS,2609.122448730469,2936.96814453125,2524.6993248875865,2671.1590338919123,30.304307540821185,0.020892118703620413
142,2026-01-14,2359.690185546875,2420.5918573549397,2335.229678017407,2400.12490207518,729905,ENRIN.NS,2578.3571166992188,2920.552646484375,2499.313303450554,2648.087267347835,27.632096387996384,0.02031425749696258
143,2026-01-16,2323.2490234375,2382.25385548088,2312.166818435376,2365.181322098598,520655,ENRIN.NS,2546.1740844726564,2902.9949951171875,2472.2264911408533,2624.0251752063286,21.636517451551384,0.02022979916865081
144,2026-01-19,2313.165283203125,2369.5742106534512,2293.896587939007,2324.2474885727347,348821,ENRIN.NS,2520.091198730469,2884.454931640625,2447.7555360735105,2600.9985165394246,23.251524968070427,0.018767929273572313
145,2026-01-20,2265.74169921875,2338.224767741506,2226.2056794539462,2315.261843036957,422879,ENRIN.NS,2496.2496826171873,2866.1604638671874,2419.7534073266243,2576.1646782193748,21.352091564857517,0.018189163994449965
146,2026-01-21,2247.271484375,2278.0218839715044,2213.126663027971,2255.3585247914084,474791,ENRIN.NS,2477.9991455078125,2846.645966796875,2393.217726872528,2551.802219416088,21.18894207041562,0.015817560890960636
147,2026-01-22,2199.249267578125,2289.3038218513834,2188.46662777943,2286.3086576710284,706731,ENRIN.NS,2458.500634765625,2825.0947607421876,2363.37642544262,2525.6871859466096,20.173873201945696,0.016123743786696093
148,2026-01-23,2121.973876953125,2212.827190058954,2111.5907386684357,2207.435992054804,771845,ENRIN.NS,2435.0335205078127,2802.6749560546873,2326.2375718288513,2495.782496391537,16.73772064799995,0.01706561182206961
149,2026-01-27,2180.4794921875,2200.447253104968,2116.782286111361,2121.874162644148,427689,ENRIN.NS,2413.0140625,2780.7184033203125,2303.813251884028,2472.4267183023485,21.777171085900278,0.018449674553255274
150,2026-01-28,2353.1005859375,2363.683596264376,2196.453605821173,2201.4455458344028,1001172,ENRIN.NS,2401.9519165039064,2762.7334326171876,2311.395918661485,2463.5877455345817,33.21087488052015,0.026845654226356715
151,2026-01-29,2477.5,2541.896030626637,2346.611226297256,2356.195849284707,1013095,ENRIN.NS,2397.3094116210937,2746.4676953125,2336.9503927135647,2464.6182829023905,43.198566109731495,0.02972573692050767
152,2026-01-30,2487.199951171875,2538.60009765625,2430.0,2483.10009765625,509717,ENRIN.NS,2393.870739746094,2729.34166015625,2360.0657093994587,2466.2909990705,47.79510161444167,0.029731614430940894
153,2026-02-02,2438.800048828125,2482.300048828125,2360.0,2474.0,284642,ENRIN.NS,2389.065380859375,2711.926533203125,2372.1786846961763,2464.2546323858796,52.58174278460687,0.029981169055661283
154,2026-02-03,2529.800048828125,2585.699951171875,2490.0,2555.0,576969,ENRIN.NS,2388.425646972656,2695.7104052734376,2396.428125331861,2469.1098484186386,59.82557326768732,0.03120939205897988
155,2026-02-04,2604.60009765625,2665.0,2533.0,2535.0,948600,ENRIN.NS,2390.637341308594,2681.2518603515623,2428.4545826125363,2479.1461631769803,61.892864835978784,0.031869176820069206
156,2026-02-05,2598.89990234375,2616.199951171875,2557.60009765625,2571.0,194559,ENRIN.NS,2389.6936645507812,2670.073828125,2454.6769394942617,2488.016810522667,64.5355707975669,0.03148480726393739
157,2026-02-06,2740.60009765625,2749.89990234375,2591.60009765625,2601.89990234375,1091498,ENRIN.NS,2396.7684814453123,2663.0356884765624,2498.665117673029,2506.726683643673,72.48412733486536,0.03368112527290518
158,2026-02-09,2691.300048828125,2755.199951171875,2645.0,2750.0,462672,ENRIN.NS,2405.147216796875,2654.6880712890625,2528.3012609276593,2520.3987847684475,69.54552773833494,0.033214020995485614
159,2026-02-10,2683.39990234375,2726.0,2675.0,2700.10009765625,174431,ENRIN.NS,2419.320947265625,2646.2243798828126,2552.162590376289,2532.472941625877,72.50812184263862,0.030874718590770928
160,2026-02-11,2666.0,2689.300048828125,2633.39990234375,2683.39990234375,242002,ENRIN.NS,2434.1272583007812,2636.45423828125,2569.6760380107057,2542.363834838775,72.59186450929987,0.030712764234631765
161,2026-02-12,2731.300048828125,2760.0,2681.10009765625,2690.0,520833,ENRIN.NS,2450.666052246094,2628.3635009765626,2594.5412704441546,2556.359109949097,78.1805974812188,0.030951193156453827
162,2026-02-13,2740.10009765625,2849.89990234375,2682.60009765625,2725.0,1006399,ENRIN.NS,2469.6865478515624,2619.38248046875,2616.9349361690925,2569.96955348296,85.30025316794551,0.030454521299141828
163,2026-02-16,2809.300048828125,2870.0,2773.10009765625,2798.0,971754,ENRIN.NS,2493.9890991210937,2612.660048828125,2646.5295688858664,2587.6977383233425,85.47764011789658,0.030168769652986732
164,2026-02-17,2797.199951171875,2844.699951171875,2749.800048828125,2828.0,347636,ENRIN.NS,2518.1908325195313,2606.690009765625,2669.7096276990987,2603.216420756567,80.5980015926165,0.03016794178871373
165,2026-02-18,2798.5,2838.0,2780.0,2797.199951171875,216116,ENRIN.NS,2544.828747558594,2600.7958935546876,2689.5235311300066,2617.6818710708953,76.63455757353788,0.029408112286569848
166,2026-02-19,2757.699951171875,2806.60009765625,2720.0,2799.89990234375,311037,ENRIN.NS,2570.3501708984377,2596.96912109375,2700.0122111364476,2628.053580708005,71.3428837149094,0.0296626258488677
167,2026-02-20,2774.60009765625,2818.0,2730.39990234375,2745.0,341881,ENRIN.NS,2599.117712402344,2591.9028955078124,2711.487270601033,2638.908878259727,77.88106372498343,0.028720497190505317
168,2026-02-23,2815.699951171875,2834.60009765625,2771.300048828125,2805.0,163658,ENRIN.NS,2633.8040161132812,2588.387490234375,2727.5199906888547,2652.0045132902565,75.88262700775874,0.026484053038272004
169,2026-02-24,2906.800048828125,2928.0,2809.60009765625,2829.300048828125,520502,ENRIN.NS,2670.1200439453123,2588.50916015625,2755.1015380948966,2670.878256663432,76.57399841733903,0.02662885402328021
170,2026-02-25,2997.800048828125,3011.0,2885.0,2920.0,695808,ENRIN.NS,2702.355017089844,2590.6864453125,2792.4397705153933,2695.0946857126683,80.50158734188652,0.022346960198150478
171,2026-02-26,2920.300048828125,3020.60009765625,2875.0,2999.89990234375,530900,ENRIN.NS,2724.49501953125,2590.2754052734376,2812.110582563506,2711.7765644619612,65.23654546862173,0.02177207089888329
172,2026-02-27,2930.89990234375,2994.89990234375,2897.39990234375,2926.0,680155,ENRIN.NS,2746.6800170898437,2589.393466796875,2830.385862529697,2728.0079228235754,71.742263825066,0.0217753133802215
173,2026-03-02,2972.699951171875,3015.0,2840.0,2840.0,706747,ENRIN.NS,2773.3750122070314,2589.5092724609376,2852.280337705417,2746.1332582567825,74.73072118095746,0.020782291901185704
174,2026-03-04,2942.0,2998.0,2910.10009765625,2924.699951171875,500244,ENRIN.NS,2793.985009765625,2591.6528125,2866.0833626738145,2760.641905793317,73.06920009076705,0.020227830941768284
175,2026-03-05,2863.89990234375,2987.89990234375,2830.5,2942.0,474634,ENRIN.NS,2806.95,2594.0793701171874,2865.7474456999585,2768.2906462785345,60.851047506709875,0.0209246059567243
176,2026-03-06,2920.60009765625,2927.89990234375,2847.699951171875,2864.0,186334,ENRIN.NS,2823.035009765625,2600.2457275390625,2874.1863152316955,2779.572827862069,63.69706275547862,0.021105940652610372
177,2026-03-09,2883.199951171875,2940.0,2819.0,2885.0,297164,ENRIN.NS,2830.165002441406,2606.1253369140627,2875.5730284532615,2787.2489110702027,55.8921889088392,0.018128955404513432
178,2026-03-10,2957.60009765625,2980.0,2915.10009765625,2934.0,221907,ENRIN.NS,2843.4800048828124,2613.451015625,2888.1925775614136,2799.867517483984,61.63330423527287,0.018143971876724087
179,2026-03-11,2942.800048828125,2990.0,2915.800048828125,2960.0,135817,ENRIN.NS,2856.4500122070312,2619.8896435546876,2896.5937269870615,2810.455112398365,60.264612214800486,0.018196717000283892
180,2026-03-12,2866.89990234375,2925.0,2861.300048828125,2925.0,119153,ENRIN.NS,2866.495007324219,2625.740771484375,2892.0254462727057,2814.636207949875,57.398363333158,0.019304280049655374
181,2026-03-13,2796.89990234375,2930.0,2776.0,2866.89990234375,230108,ENRIN.NS,2869.775,2630.271767578125,2877.390747206712,2813.322407534606,51.40941651946025,0.019641977870285966
182,2026-03-16,2787.699951171875,2843.5,2711.0,2821.0,321631,ENRIN.NS,2872.154992675781,2634.906298828125,2863.5921632013524,2811.4244478040337,48.155955295808,0.01966362229963949
183,2026-03-17,2768.89990234375,2798.0,2730.10009765625,2791.0,198077,ENRIN.NS,2870.1349853515626,2639.58615234375,2849.0241230694137,2808.2744814736425,39.96214739767801,0.018876131250601804
184,2026-03-18,2840.60009765625,2907.699951171875,2766.800048828125,2779.800048828125,442560,ENRIN.NS,2872.3049926757812,2645.546259765625,2847.728119159696,2810.668971561243,38.22650121978736,0.01974811777296356
185,2026-03-19,2755.199951171875,2812.10009765625,2750.0,2770.0,192926,ENRIN.NS,2870.139990234375,2649.4429345703124,2833.4930163923386,2806.5601552361045,37.77943308857864,0.0209323673376293
186,2026-03-20,2791.199951171875,2842.0,2775.0,2775.0,288016,ENRIN.NS,2871.814990234375,2652.91146484375,2826.9863909738056,2805.4223623424577,40.03426114053094,0.020871376217807887
187,2026-03-23,2696.10009765625,2758.5,2666.10009765625,2751.199951171875,221627,ENRIN.NS,2867.889990234375,2654.8513916015627,2806.85003815572,2797.324416810146,31.662721209682616,0.022224162764783978
188,2026-03-24,2688.0,2752.300048828125,2671.89990234375,2742.0,221897,ENRIN.NS,2861.504992675781,2658.136884765625,2788.5654169009936,2789.2263118612464,32.640812804215926,0.021903319833166165
189,2026-03-25,2771.39990234375,2781.0,2695.10009765625,2715.0,357865,ENRIN.NS,2854.7349853515625,2665.566376953125,2785.9245685075716,2787.9058370821726,43.72371490876129,0.021795184833476065
190,2026-03-27,2629.39990234375,2749.10009765625,2596.0,2749.10009765625,559312,ENRIN.NS,2836.314978027344,2670.7568994140624,2761.8438506362145,2776.164656731178,32.29141612728321,0.022911882147078164
